SC2,SC3,SC4,B2b,H9New,H10,H11,H12,Z1,Z5,Z10,WEIGHT
7,1,4879,3,3,1,,,5,8,1,0.54
7,1,4879,1,1,1,2.0,2.0,4,8,2,0.54
7,1,4879,4,4,1,4.0,4.0,3,8,2,0.54
7,1,4870,1,3,1,3.0,2.0,6,97,1,0.54
7,1,4868,1,3,1,3.0,4.0,3,3,2,0.54
7,1,4815,5,5,1,5.0,4.0,2,8,2,0.54
7,1,4815,2,4,1,4.0,3.0,6,2,2,0.54
7,1,4753,4,4,1,4.0,4.0,6,8,2,0.54
7,1,4680,5,4,1,4.0,4.0,6,8,2,0.54
7,1,4670,3,3,1,3.0,3.0,6,8,1,0.54
7,1,4650,5,4,1,4.0,4.0,6,8,1,0.54
7,1,4570,4,4,1,4.0,4.0,6,8,2,0.54
7,1,4075,5,3,1,3.0,3.0,3,1,1,0.54
6,1,4869,3,6,1,3.0,3.0,6,8,2,0.67
6,1,4810,4,3,1,,,6,8,2,0.67
6,1,4740,2,4,1,4.0,4.0,6,8,2,0.67
6,1,4655,6,3,1,3.0,3.0,2,2,2,0.67
6,1,4655,4,3,1,3.0,3.0,6,3,2,0.67
6,1,4455,6,3,1,,,6,8,2,0.67
6,1,4300,4,3,1,4.0,3.0,6,3,2,0.67
7,1,4560,3,3,1,3.0,2.0,3,7,2,0.71
7,1,4557,4,3,1,3.0,3.0,5,3,2,0.71
7,1,4211,5,3,1,4.0,3.0,6,8,2,0.71
7,1,4152,5,5,1,5.0,4.0,6,8,2,0.71
7,1,4129,5,5,2,5.0,5.0,6,8,2,0.71
6,1,4218,4,6,1,,,6,8,2,0.96
6,1,4217,4,4,1,1.0,2.0,6,3,2,0.96
6,1,4114,6,6,1,3.0,3.0,6,8,2,0.96
6,1,4055,6,6,2,,,6,7,2,0.96
6,1,4051,4,4,2,4.0,4.0,6,6,2,0.96
4,1,4558,3,4,1,4.0,3.0,6,1,2,0.99
4,1,4551,3,6,1,,,1,2,2,0.99
4,1,4306,4,3,2,3.0,3.0,6,5,2,0.99
4,1,4221,6,6,1,,,6,1,2,0.99
4,1,4215,4,3,1,3.0,3.0,2,3,2,0.99
4,1,4118,3,3,1,3.0,2.0,6,2,2,0.99
4,1,4074,3,3,2,3.0,3.0,4,7,2,0.99
4,1,4060,3,2,1,2.0,2.0,5,3,2,0.99
4,1,4059,5,5,1,5.0,1.0,2,1,1,0.99
4,1,4059,6,6,2,,,2,3,2,0.99
4,1,4059,5,6,1,5.0,5.0,2,3,2,0.99
4,1,4034,6,6,2,,,6,1,2,0.99
4,1,4034,6,3,2,,,6,1,2,0.99
4,1,4879,3,3,1,3.0,3.0,4,3,2,1.0
4,1,4818,3,3,1,3.0,3.0,1,6,2,1.0
4,1,4750,6,3,2,,,1,3,2,1.0
4,1,4670,4,4,1,3.0,4.0,5,2,2,1.0
4,1,4352,4,3,1,2.0,2.0,6,6,2,1.0
4,1,4075,4,5,1,5.0,4.0,6,3,1,1.0
3,1,4160,4,4,2,4.0,3.0,6,1,2,1.38
3,1,4122,4,4,1,4.0,4.0,3,4,2,1.38
3,1,4103,4,3,2,4.0,4.0,3,1,2,1.38
3,1,4059,5,4,1,4.0,3.0,6,1,2,1.38
3,1,4035,4,3,1,3.0,3.0,6,7,1,1.38
3,1,4018,6,6,1,,,4,3,1,1.38
3,1,4007,5,5,2,5.0,1.0,1,1,2,1.38
3,1,4870,6,3,2,3.0,3.0,6,2,2,1.56
3,1,4400,6,3,1,,,6,3,2,1.56
3,1,4310,1,3,2,3.0,3.0,6,97,1,1.56
3,1,4076,3,3,1,3.0,3.0,4,3,1,1.56
3,1,28,4,4,2,4.0,3.0,6,1,2,1.56
5,1,4868,3,3,1,3.0,3.0,3,2,2,1.65
5,1,4810,4,4,1,4.0,2.0,6,8,2,1.65
5,1,4703,4,3,1,3.0,3.0,2,8,2,1.65
5,1,4702,3,3,2,,,1,1,1,1.65
5,1,4350,4,3,1,3.0,3.0,6,6,2,1.65
5,1,4519,5,3,2,3.0,3.0,2,8,2,2.14
5,1,4510,5,3,1,3.0,3.0,5,2,2,2.14
5,1,4227,3,3,2,3.0,3.0,6,3,2,2.14
5,1,4133,1,5,1,1.0,3.0,6,8,2,2.14
2,1,4207,4,5,1,4.0,5.0,2,2,2,5.59
2,1,4116,1,1,2,2.0,3.0,3,2,2,5.59
2,1,4069,3,3,1,3.0,3.0,6,7,1,5.59
2,1,4701,5,2,2,2.0,2.0,4,1,2,6.27
3,2,4870,4,3,1,3.0,3.0,3,3,1,0.63
3,2,4860,3,3,1,3.0,3.0,6,5,2,0.63
3,2,4818,6,3,2,3.0,3.0,6,5,2,0.63
3,2,4814,3,4,1,4.0,4.0,6,4,2,0.63
3,2,4810,4,4,1,4.0,3.0,6,3,2,0.63
3,2,4741,4,3,1,4.0,4.0,5,4,1,0.63
3,2,4077,3,3,1,3.0,3.0,4,3,1,0.63
3,2,26,4,4,2,4.0,3.0,6,1,2,0.63
3,2,4560,6,3,1,3.0,4.0,6,7,2,0.66
3,2,4558,3,2,1,3.0,2.0,6,3,2,0.66
3,2,4508,4,4,1,4.0,3.0,2,4,2,0.66
3,2,4500,4,4,1,4.0,2.0,5,6,2,0.66
3,2,4227,4,3,2,3.0,3.0,1,3,2,0.66
3,2,4213,5,5,1,5.0,1.0,3,5,1,0.66
3,2,4211,4,3,2,3.0,3.0,3,4,2,0.66
3,2,4207,3,3,1,3.0,3.0,6,4,2,0.66
3,2,4170,5,4,1,4.0,4.0,3,1,1,0.66
3,2,4157,6,6,2,,,4,3,2,0.66
3,2,4119,3,3,1,3.0,3.0,4,3,2,0.66
3,2,4118,4,3,1,,,2,8,2,0.66
3,2,4114,4,4,1,3.0,3.0,2,6,1,0.66
3,2,4101,4,4,1,4.0,4.0,2,2,1,0.66
3,2,4066,4,4,1,4.0,3.0,1,97,2,0.66
3,2,4064,4,4,2,4.0,2.0,6,1,2,0.66
3,2,4036,1,1,2,1.0,4.0,6,4,2,0.66
3,2,4022,3,3,1,3.0,3.0,4,4,1,0.66
3,2,4011,3,3,1,,,6,2,2,0.66
3,2,4000,2,2,1,3.0,2.0,6,3,2,0.66
4,2,4881,5,4,1,4.0,2.0,6,6,1,0.67
4,2,4871,3,3,1,3.0,3.0,6,4,2,0.67
4,2,4870,6,6,2,3.0,3.0,6,7,2,0.67
4,2,4812,2,2,2,2.0,2.0,4,3,2,0.67
4,2,4740,3,3,2,,,6,4,2,0.67
4,2,4670,3,4,1,,,5,8,2,0.67
4,2,4655,3,3,1,,,5,2,2,0.67
4,2,4570,6,3,2,,,5,8,2,0.67
4,2,4077,3,3,1,,,3,3,1,0.67
4,2,4077,4,4,1,,,4,5,2,0.67
6,2,4703,1,3,1,3.0,3.0,6,8,2,0.69
6,2,4670,3,4,1,4.0,4.0,6,8,2,0.69
6,2,4310,3,3,1,3.0,3.0,6,8,2,0.69
4,2,4306,3,3,2,3.0,3.0,6,5,2,0.75
4,2,4209,3,3,1,3.0,4.0,6,97,2,0.75
4,2,4207,6,6,1,3.0,2.0,6,5,2,0.75
4,2,4207,6,6,2,,,6,5,2,0.75
4,2,4128,4,4,1,,,6,5,2,0.75
4,2,4116,5,4,1,4.0,5.0,3,2,1,0.75
4,2,4074,4,4,1,,,6,6,2,0.75
4,2,4068,4,4,1,4.0,3.0,2,6,1,0.75
4,2,4055,6,3,1,3.0,3.0,6,7,2,0.75
4,2,4053,4,5,1,4.0,3.0,6,5,2,0.75
4,2,4053,3,4,1,5.0,4.0,6,6,2,0.75
2,2,4500,3,3,2,3.0,3.0,4,97,2,0.94
2,2,4305,5,4,1,4.0,2.0,3,6,2,0.94
2,2,4213,3,3,1,3.0,3.0,6,2,2,0.94
2,2,4212,3,3,1,3.0,3.0,3,1,1,0.94
2,2,4207,6,6,2,,,3,4,2,0.94
2,2,4207,3,4,2,,,2,97,2,0.94
2,2,4131,6,6,1,,,3,2,2,0.94
2,2,4108,1,1,2,1.0,1.0,5,1,2,0.94
2,2,4108,1,1,2,1.0,1.0,3,5,2,0.94
2,2,4067,3,4,1,4.0,4.0,6,2,1,0.94
2,2,4059,3,3,1,3.0,3.0,6,2,2,0.94
2,2,4054,5,4,2,4.0,4.0,3,1,2,0.94
7,2,4560,3,3,1,,,6,8,2,1.02
7,2,4509,4,6,1,4.0,3.0,4,3,2,1.02
7,2,4270,3,6,1,3.0,3.0,6,3,2,1.02
7,2,4218,3,5,1,4.0,4.0,6,8,2,1.02
7,2,4208,3,3,1,,,5,8,2,1.02
7,2,4159,6,6,1,4.0,4.0,6,3,2,1.02
7,2,4154,5,5,1,,,6,97,2,1.02
7,2,4118,3,3,1,,,6,8,2,1.02
7,2,4118,3,4,1,4.0,3.0,6,8,2,1.02
7,2,4108,4,4,1,4.0,4.0,6,8,2,1.02
7,2,4054,3,4,1,,,6,8,2,1.02
7,2,4051,3,3,1,3.0,3.0,6,8,1,1.02
7,2,4035,4,4,2,,,6,8,2,1.02
7,2,4650,3,5,1,4.0,4.0,6,1,2,1.04
7,2,4615,5,5,2,5.0,5.0,6,8,1,1.04
7,2,4350,4,3,1,,,6,8,2,1.04
7,2,4350,5,4,1,4.0,4.0,5,8,2,1.04
7,2,4347,3,3,1,4.0,3.0,6,97,2,1.04
7,2,4341,3,4,1,4.0,4.0,6,8,2,1.04
7,2,4300,5,5,1,4.0,4.0,6,8,2,1.04
7,2,4075,6,3,1,,,6,8,1,1.04
5,2,4701,2,4,2,2.0,2.0,6,7,1,1.12
5,2,4701,4,3,2,4.0,4.0,6,8,2,1.12
5,2,4350,2,3,1,3.0,3.0,6,7,1,1.12
5,2,4350,6,6,1,3.0,3.0,6,3,2,1.12
2,2,4740,3,4,1,3.0,2.0,1,3,1,1.24
6,2,4510,3,2,1,2.0,2.0,4,8,2,1.26
6,2,4215,3,4,1,4.0,3.0,6,8,2,1.26
6,2,4178,3,4,1,4.0,4.0,6,2,2,1.26
6,2,4114,3,2,1,,,6,8,2,1.26
6,2,4109,6,4,1,,,5,8,2,1.26
6,2,4037,1,3,1,1.0,2.0,6,8,2,1.26
6,2,4017,3,3,1,,,6,8,2,1.26
6,2,4017,5,4,1,4.0,4.0,6,8,2,1.26
5,2,4152,4,4,1,4.0,3.0,6,6,2,2.31
5,2,4123,4,4,1,4.0,3.0,4,6,1,2.31
5,2,4113,3,4,1,3.0,3.0,6,8,2,2.31
5,2,4036,3,3,1,3.0,3.0,6,8,2,2.31
5,2,4019,4,4,1,4.0,3.0,6,6,2,2.31
5,2,127,2,2,2,2.0,2.0,6,6,2,2.31
7,1,4879,4,4,1,4.0,4.0,6,8,2,0.54
7,1,4878,5,3,1,4.0,3.0,6,8,2,0.54
7,1,4870,4,3,1,4.0,4.0,6,3,2,0.54
7,1,4870,1,3,2,1.0,1.0,6,3,2,0.54
7,1,4869,4,4,1,4.0,4.0,4,8,2,0.54
7,1,4865,3,2,1,2.0,1.0,6,8,2,0.54
7,1,4865,3,3,1,3.0,3.0,6,8,2,0.54
7,1,4817,3,3,1,4.0,3.0,6,8,2,0.54
7,1,4815,5,5,1,5.0,5.0,6,8,2,0.54
7,1,4815,4,4,1,3.0,3.0,6,1,2,0.54
7,1,4815,4,4,1,4.0,3.0,6,8,2,0.54
7,1,4814,3,3,1,4.0,3.0,6,3,2,0.54
7,1,4814,2,4,1,4.0,4.0,6,8,2,0.54
7,1,4812,5,3,1,3.0,3.0,6,8,2,0.54
7,1,4812,3,2,1,3.0,3.0,6,3,2,0.54
7,1,4812,2,3,1,3.0,3.0,6,8,2,0.54
7,1,4812,4,2,2,4.0,3.0,4,8,2,0.54
7,1,4810,2,2,2,,,4,3,2,0.54
7,1,4805,6,3,1,,,5,8,2,0.54
7,1,4802,4,6,1,4.0,4.0,6,8,2,0.54
7,1,4802,5,4,1,4.0,4.0,4,8,2,0.54
7,1,4741,4,3,1,3.0,3.0,6,8,2,0.54
7,1,4740,2,1,1,2.0,3.0,6,8,2,0.54
7,1,4740,3,3,1,4.0,3.0,6,8,2,0.54
7,1,4737,3,2,1,3.0,3.0,5,3,2,0.54
7,1,4702,3,3,1,4.0,3.0,6,8,2,0.54
7,1,4702,4,4,2,3.0,3.0,6,8,2,0.54
7,1,4701,5,3,1,4.0,3.0,6,8,2,0.54
7,1,4700,5,5,1,5.0,5.0,6,8,2,0.54
7,1,4700,5,5,1,5.0,4.0,4,8,2,0.54
7,1,4680,4,4,1,,,6,8,2,0.54
7,1,4680,4,3,1,3.0,4.0,6,7,2,0.54
7,1,4680,4,3,1,4.0,3.0,6,7,2,0.54
7,1,4670,3,1,2,1.0,2.0,6,7,2,0.54
7,1,4670,4,3,1,4.0,4.0,6,8,2,0.54
7,1,4670,4,3,1,3.0,4.0,6,8,2,0.54
7,1,4670,2,3,1,4.0,4.0,6,8,2,0.54
7,1,4670,4,4,1,,,5,8,2,0.54
7,1,4670,4,4,2,4.0,3.0,5,8,2,0.54
7,1,4655,5,4,1,4.0,3.0,6,8,2,0.54
7,1,4655,3,2,2,3.0,3.0,6,8,2,0.54
7,1,4655,5,3,2,4.0,5.0,5,8,2,0.54
7,1,4655,6,6,1,,,3,8,2,0.54
7,1,4650,4,4,1,,,6,6,1,0.54
7,1,4650,4,3,1,4.0,4.0,5,8,2,0.54
7,1,4650,1,1,1,,,5,8,2,0.54
7,1,4650,5,3,1,4.0,4.0,6,8,2,0.54
7,1,4650,5,4,1,4.0,4.0,5,8,2,0.54
7,1,4650,5,3,2,3.0,3.0,6,97,2,0.54
7,1,4650,3,3,1,3.0,3.0,6,3,2,0.54
7,1,4650,3,2,1,2.0,3.0,6,8,2,0.54
7,1,4650,3,4,1,4.0,3.0,6,8,2,0.54
7,1,4650,5,4,1,,,5,8,2,0.54
7,1,4650,4,6,1,4.0,3.0,6,97,2,0.54
7,1,4625,3,3,1,3.0,3.0,6,8,2,0.54
7,1,4614,6,3,1,4.0,4.0,6,8,1,0.54
7,1,4580,3,1,1,1.0,1.0,6,8,2,0.54
7,1,4570,4,4,1,4.0,4.0,6,2,2,0.54
7,1,4352,5,6,1,5.0,5.0,6,8,2,0.54
7,1,4350,5,4,1,4.0,3.0,6,7,2,0.54
7,1,4350,6,2,1,2.0,1.0,6,8,2,0.54
7,1,4350,4,4,1,4.0,4.0,6,7,2,0.54
7,1,4350,5,4,1,4.0,4.0,6,8,2,0.54
7,1,4350,5,5,1,5.0,4.0,6,3,2,0.54
7,1,4350,6,4,1,4.0,4.0,6,8,2,0.54
7,1,4304,4,3,2,4.0,3.0,6,8,2,0.54
7,1,4304,4,4,1,4.0,3.0,6,8,2,0.54
7,1,4301,3,3,2,2.0,3.0,6,8,2,0.54
7,1,4301,4,4,1,4.0,4.0,6,8,2,0.54
7,1,4301,4,3,1,4.0,4.0,6,8,2,0.54
7,1,4300,4,4,1,4.0,4.0,6,8,2,0.54
7,1,4300,2,3,1,3.0,3.0,6,8,2,0.54
7,1,4300,4,4,2,5.0,4.0,6,8,2,0.54
6,1,4880,3,3,1,4.0,3.0,6,8,2,0.67
6,1,4878,3,3,1,3.0,3.0,6,3,1,0.67
6,1,4870,2,2,2,2.0,3.0,6,8,2,0.67
6,1,4870,4,6,1,4.0,3.0,6,3,2,0.67
6,1,4870,5,5,1,3.0,2.0,6,8,2,0.67
6,1,4869,3,6,1,3.0,3.0,6,8,2,0.67
6,1,4817,4,4,1,4.0,3.0,6,7,2,0.67
6,1,4817,4,4,2,4.0,4.0,6,8,2,0.67
6,1,4814,3,3,1,3.0,2.0,6,8,2,0.67
6,1,4814,4,4,1,4.0,4.0,6,6,2,0.67
6,1,4810,4,3,1,4.0,3.0,6,8,2,0.67
6,1,4809,6,3,1,,,4,8,2,0.67
6,1,4800,4,3,1,3.0,3.0,6,7,2,0.67
6,1,4754,4,2,1,3.0,3.0,6,7,2,0.67
6,1,4718,5,5,2,5.0,5.0,6,8,2,0.67
6,1,4703,3,3,1,3.0,3.0,6,7,2,0.67
6,1,4680,4,3,1,3.0,3.0,6,8,2,0.67
6,1,4670,5,4,2,5.0,3.0,6,3,2,0.67
6,1,4670,3,2,2,4.0,3.0,6,8,2,0.67
6,1,4670,3,3,1,,,6,8,2,0.67
6,1,4670,5,4,1,4.0,4.0,6,8,2,0.67
6,1,4655,3,4,1,,,6,3,2,0.67
6,1,4655,4,5,1,5.0,5.0,5,8,2,0.67
6,1,4655,5,5,1,5.0,5.0,6,7,2,0.67
6,1,4655,5,4,1,4.0,3.0,5,8,2,0.67
6,1,4650,3,3,1,3.0,3.0,6,8,2,0.67
6,1,4650,3,4,1,3.0,2.0,5,8,2,0.67
6,1,4650,5,3,1,4.0,4.0,4,3,2,0.67
6,1,4615,4,4,2,4.0,4.0,5,3,2,0.67
6,1,4570,4,2,1,3.0,3.0,4,3,2,0.67
6,1,4356,5,4,1,4.0,4.0,6,3,2,0.67
6,1,4350,4,4,1,4.0,4.0,6,3,2,0.67
6,1,4350,3,4,1,4.0,4.0,6,8,2,0.67
6,1,4350,2,2,1,3.0,3.0,5,7,2,0.67
6,1,4301,4,3,1,4.0,4.0,6,8,2,0.67
6,1,4078,3,4,1,4.0,2.0,6,97,2,0.67
7,1,4573,3,3,1,3.0,3.0,6,8,1,0.71
7,1,4562,6,4,1,4.0,3.0,5,8,2,0.71
7,1,4560,2,4,2,4.0,4.0,6,8,2,0.71
7,1,4557,5,4,1,4.0,4.0,6,8,2,0.71
7,1,4556,3,3,1,4.0,3.0,6,2,2,0.71
7,1,4551,6,3,1,,,6,8,2,0.71
7,1,4551,2,3,1,,,6,8,2,0.71
7,1,4551,3,3,1,3.0,3.0,3,8,2,0.71
7,1,4551,2,4,1,4.0,3.0,6,8,2,0.71
7,1,4521,2,3,1,3.0,4.0,6,3,2,0.71
7,1,4510,2,3,1,3.0,3.0,6,97,2,0.71
7,1,4510,4,4,1,4.0,4.0,2,8,2,0.71
7,1,4508,3,6,1,3.0,4.0,6,8,2,0.71
7,1,4507,4,3,1,4.0,3.0,6,8,2,0.71
7,1,4507,4,5,1,5.0,5.0,6,8,2,0.71
7,1,4506,4,4,1,,,3,97,1,0.71
7,1,4505,4,4,1,4.0,4.0,6,3,2,0.71
7,1,4504,3,3,1,4.0,4.0,6,3,2,0.71
7,1,4503,5,4,1,4.0,4.0,6,8,1,0.71
7,1,4503,1,2,1,1.0,2.0,6,8,2,0.71
7,1,4502,4,4,1,4.0,4.0,6,3,2,0.71
7,1,4501,4,4,1,4.0,4.0,6,8,2,0.71
7,1,4500,3,2,1,1.0,1.0,6,7,1,0.71
7,1,4306,2,2,1,3.0,3.0,6,8,2,0.71
7,1,4305,4,4,2,4.0,4.0,6,8,2,0.71
7,1,4285,4,5,1,4.0,4.0,6,8,2,0.71
7,1,4226,4,3,1,4.0,5.0,4,8,1,0.71
7,1,4225,4,4,1,4.0,4.0,6,8,2,0.71
7,1,4220,4,4,1,4.0,3.0,6,8,2,0.71
7,1,4220,5,4,2,4.0,5.0,6,97,2,0.71
7,1,4218,5,4,1,4.0,3.0,6,8,2,0.71
7,1,4216,5,3,1,4.0,4.0,6,8,1,0.71
7,1,4215,5,4,1,4.0,3.0,6,3,2,0.71
7,1,4213,5,4,1,5.0,4.0,6,8,2,0.71
7,1,4212,4,4,1,4.0,3.0,3,8,1,0.71
7,1,4212,3,3,1,3.0,3.0,6,3,2,0.71
7,1,4211,3,3,1,3.0,2.0,6,97,2,0.71
7,1,4208,3,4,1,4.0,3.0,6,8,1,0.71
7,1,4207,2,2,1,2.0,2.0,6,3,1,0.71
7,1,4207,5,6,1,5.0,4.0,6,8,2,0.71
7,1,4207,3,4,1,4.0,3.0,6,3,2,0.71
7,1,4207,2,6,1,3.0,4.0,6,8,2,0.71
7,1,4207,4,4,1,4.0,3.0,6,8,2,0.71
7,1,4184,4,4,1,4.0,4.0,6,8,2,0.71
7,1,4164,2,6,2,2.0,2.0,6,8,2,0.71
7,1,4160,4,4,1,4.0,4.0,6,8,2,0.71
7,1,4152,6,6,1,3.0,3.0,6,8,2,0.71
7,1,4131,4,4,2,4.0,4.0,6,8,2,0.71
7,1,4118,2,3,1,3.0,3.0,6,8,2,0.71
7,1,4118,3,4,2,4.0,3.0,6,8,2,0.71
7,1,4118,4,3,1,4.0,4.0,6,8,2,0.71
7,1,4116,3,4,2,4.0,4.0,6,8,1,0.71
7,1,4114,4,3,1,,,6,8,2,0.71
7,1,4109,2,6,1,4.0,3.0,6,3,2,0.71
7,1,4107,5,6,1,4.0,4.0,6,8,2,0.71
7,1,4106,5,3,1,4.0,3.0,6,3,2,0.71
7,1,4105,3,3,1,3.0,3.0,6,1,2,0.71
7,1,4074,3,2,1,2.0,2.0,6,8,2,0.71
7,1,4074,2,3,1,3.0,3.0,6,8,2,0.71
7,1,4074,4,6,1,4.0,4.0,6,97,2,0.71
7,1,4069,5,3,1,4.0,4.0,6,3,2,0.71
7,1,4068,3,4,1,4.0,4.0,6,8,2,0.71
7,1,4066,5,5,2,5.0,5.0,6,3,2,0.71
7,1,4061,4,3,1,3.0,4.0,6,3,2,0.71
7,1,4055,4,3,1,4.0,3.0,6,7,2,0.71
7,1,4053,4,4,1,4.0,4.0,6,8,2,0.71
7,1,4053,4,4,2,3.0,4.0,6,3,2,0.71
7,1,4053,4,4,1,5.0,5.0,6,3,2,0.71
7,1,4037,4,4,2,4.0,4.0,6,8,2,0.71
7,1,4035,3,2,1,2.0,4.0,6,8,1,0.71
7,1,4034,3,6,2,4.0,3.0,6,8,1,0.71
7,1,4034,3,4,1,4.0,3.0,6,8,2,0.71
7,1,4031,4,5,2,5.0,4.0,6,97,2,0.71
7,1,4018,4,4,1,4.0,4.0,6,8,2,0.71
7,1,4017,5,4,1,4.0,5.0,3,8,2,0.71
7,1,4017,4,4,2,4.0,4.0,6,8,2,0.71
7,1,4007,4,4,1,4.0,3.0,6,8,2,0.71
7,1,4006,3,1,1,1.0,2.0,6,8,2,0.71
6,1,4567,4,4,1,4.0,3.0,6,8,1,0.96
6,1,4563,3,4,1,3.0,3.0,6,7,2,0.96
6,1,4510,5,4,1,4.0,3.0,6,8,2,0.96
6,1,4510,3,1,2,2.0,2.0,6,7,2,0.96
6,1,4509,1,3,1,3.0,3.0,6,8,2,0.96
6,1,4508,6,4,1,4.0,4.0,6,8,2,0.96
6,1,4501,4,4,1,,,6,3,2,0.96
6,1,4500,4,3,1,4.0,4.0,6,8,2,0.96
6,1,4500,3,3,1,4.0,2.0,6,7,2,0.96
6,1,4500,3,4,2,3.0,3.0,6,2,2,0.96
6,1,4306,4,4,1,4.0,4.0,6,5,2,0.96
6,1,4305,5,5,1,5.0,5.0,4,1,2,0.96
6,1,4280,3,6,1,3.0,3.0,6,8,2,0.96
6,1,4209,1,1,2,2.0,2.0,6,8,2,0.96
6,1,4178,5,4,1,4.0,4.0,6,3,1,0.96
6,1,4169,5,5,1,5.0,5.0,5,8,2,0.96
6,1,4164,2,2,1,3.0,3.0,6,3,2,0.96
6,1,4163,2,4,1,3.0,4.0,6,3,2,0.96
6,1,4152,5,4,1,2.0,4.0,6,8,2,0.96
6,1,4127,3,4,1,3.0,3.0,6,8,1,0.96
6,1,4127,3,4,1,3.0,4.0,4,3,2,0.96
6,1,4125,1,1,1,3.0,2.0,6,8,2,0.96
6,1,4119,4,4,1,4.0,4.0,6,8,2,0.96
6,1,4104,3,4,1,4.0,3.0,6,2,2,0.96
6,1,4055,4,4,1,4.0,4.0,6,8,2,0.96
6,1,4032,5,4,1,4.0,4.0,6,8,2,0.96
6,1,4020,2,3,1,3.0,2.0,4,8,2,0.96
6,1,4020,4,3,1,4.0,4.0,6,8,2,0.96
6,1,4019,5,5,1,4.0,3.0,6,8,2,0.96
6,1,4019,5,5,1,5.0,5.0,6,8,2,0.96
6,1,4018,4,6,1,4.0,4.0,6,8,2,0.96
6,1,4017,5,5,1,4.0,5.0,6,7,2,0.96
6,1,4014,4,4,1,4.0,4.0,6,7,2,0.96
6,1,4014,5,4,1,4.0,4.0,6,8,2,0.96
6,1,4013,5,2,1,5.0,2.0,6,7,2,0.96
6,1,4000,4,3,1,4.0,4.0,4,8,2,0.96
4,1,4285,2,2,1,1.0,2.0,5,5,2,0.99
4,1,4216,5,4,1,3.0,3.0,6,6,2,0.99
4,1,4209,3,4,1,4.0,3.0,6,6,2,0.99
4,1,4173,4,5,1,5.0,4.0,6,3,2,0.99
4,1,4170,1,2,2,2.0,2.0,6,6,2,0.99
4,1,4170,3,4,1,4.0,3.0,5,5,2,0.99
4,1,4132,3,2,1,2.0,3.0,6,3,1,0.99
4,1,4122,3,3,1,3.0,2.0,5,1,2,0.99
4,1,4006,4,4,1,4.0,4.0,6,1,2,0.99
4,1,4005,3,4,1,4.0,3.0,4,2,2,0.99
4,1,4005,3,3,1,3.0,3.0,5,2,2,0.99
4,1,4000,3,3,1,3.0,2.0,3,6,1,0.99
4,1,4877,3,2,1,3.0,2.0,3,6,2,1.0
4,1,4870,5,3,1,4.0,4.0,3,2,2,1.0
4,1,4869,4,3,1,4.0,4.0,3,3,2,1.0
4,1,4817,2,6,1,4.0,4.0,5,6,2,1.0
4,1,4812,3,3,1,3.0,3.0,6,3,2,1.0
4,1,4810,3,2,1,2.0,3.0,6,8,2,1.0
4,1,4703,4,5,2,4.0,3.0,6,97,2,1.0
4,1,4702,4,4,1,4.0,3.0,5,4,2,1.0
4,1,4680,4,4,1,4.0,3.0,6,6,2,1.0
4,1,4350,4,3,1,4.0,4.0,6,3,2,1.0
4,1,4350,4,4,1,4.0,4.0,6,3,2,1.0
3,1,4209,4,5,2,4.0,3.0,6,1,2,1.38
3,1,4163,1,1,2,1.0,2.0,6,5,2,1.38
3,1,4132,4,3,1,3.0,4.0,6,2,2,1.38
3,1,4035,5,5,1,3.0,2.0,6,1,2,1.38
3,1,4020,5,4,1,4.0,3.0,6,4,2,1.38
3,1,4670,4,4,1,4.0,4.0,6,1,2,1.56
3,1,4610,4,4,1,,,6,1,2,1.56
5,1,4870,5,4,1,4.0,4.0,2,3,2,1.65
5,1,4870,4,3,1,4.0,3.0,6,3,2,1.65
5,1,4814,2,2,1,3.0,3.0,6,3,2,1.65
5,1,4740,2,3,1,2.0,3.0,6,8,2,1.65
5,1,4701,3,3,1,3.0,3.0,6,3,2,1.65
5,1,4680,3,5,1,4.0,3.0,6,6,2,1.65
5,1,4680,6,3,1,3.0,3.0,5,3,2,1.65
5,1,4670,1,1,1,1.0,2.0,6,3,2,1.65
5,1,4655,4,4,1,4.0,4.0,6,6,2,1.65
5,1,4655,4,3,1,4.0,4.0,6,97,2,1.65
5,1,4304,2,6,1,3.0,3.0,6,5,2,1.65
5,1,4301,4,3,1,3.0,4.0,6,6,2,1.65
5,1,4075,4,4,2,,,6,8,2,1.65
5,1,4557,4,4,1,4.0,3.0,6,8,2,2.14
5,1,4305,6,4,1,4.0,3.0,6,7,2,2.14
5,1,4223,4,2,1,1.0,1.0,4,2,2,2.14
5,1,4215,3,4,1,4.0,4.0,6,8,2,2.14
5,1,4212,5,3,2,3.0,4.0,5,3,2,2.14
5,1,4128,2,2,1,2.0,2.0,6,4,2,2.14
5,1,4105,2,2,1,3.0,3.0,6,6,2,2.14
5,1,4032,6,6,1,,,6,1,2,2.14
5,1,4030,4,2,1,2.0,2.0,6,8,2,2.14
2,1,4000,4,4,1,,,5,7,1,5.59
2,1,4670,6,6,1,,,4,1,1,6.27
3,2,4879,3,6,2,,,6,3,2,0.63
3,2,4817,5,4,1,4.0,4.0,6,1,2,0.63
3,2,4680,3,3,1,4.0,4.0,6,5,2,0.63
3,2,4670,4,4,1,4.0,3.0,6,97,2,0.63
3,2,4650,5,4,1,3.0,3.0,6,6,2,0.63
3,2,4350,6,4,2,4.0,3.0,4,5,2,0.63
3,2,4304,3,3,1,3.0,3.0,6,1,2,0.63
3,2,4078,4,4,2,4.0,4.0,6,3,2,0.63
3,2,4560,4,4,1,3.0,4.0,2,3,1,0.66
3,2,4557,4,3,1,3.0,3.0,6,5,2,0.66
3,2,4207,3,4,1,4.0,4.0,6,4,2,0.66
3,2,4184,4,6,1,,,6,5,2,0.66
3,2,4122,4,4,1,4.0,3.0,6,3,1,0.66
3,2,4054,4,6,1,3.0,3.0,5,3,2,0.66
4,2,4870,3,4,1,,,6,2,2,0.67
4,2,4870,4,4,2,4.0,4.0,6,6,2,0.67
4,2,4818,6,6,1,,,6,6,2,0.67
4,2,4746,4,3,1,,,6,3,2,0.67
4,2,4740,3,3,1,,,6,3,2,0.67
4,2,4670,4,3,1,4.0,2.0,6,97,2,0.67
4,2,4670,3,3,1,,,5,3,2,0.67
4,2,4655,3,2,1,,,5,6,2,0.67
4,2,4350,4,4,1,4.0,3.0,3,4,2,0.67
4,2,4075,5,5,1,4.0,4.0,6,3,2,0.67
6,2,4870,4,5,1,4.0,3.0,6,8,2,0.69
6,2,4870,2,4,1,,,6,2,2,0.69
6,2,4870,6,3,1,,,5,8,2,0.69
6,2,4870,5,4,1,4.0,4.0,6,8,2,0.69
6,2,4870,4,5,1,4.0,4.0,6,8,2,0.69
6,2,4868,4,4,1,4.0,3.0,6,3,2,0.69
6,2,4860,3,3,1,3.0,3.0,5,97,2,0.69
6,2,4817,4,4,2,4.0,3.0,6,8,2,0.69
6,2,4817,3,3,1,,,6,7,2,0.69
6,2,4814,5,4,2,4.0,4.0,6,8,2,0.69
6,2,4812,4,4,1,4.0,4.0,6,8,2,0.69
6,2,4812,3,2,1,2.0,2.0,6,8,2,0.69
6,2,4811,3,4,1,4.0,4.0,6,3,2,0.69
6,2,4740,5,3,1,3.0,3.0,6,2,2,0.69
6,2,4740,4,4,1,4.0,3.0,6,8,2,0.69
6,2,4740,2,3,2,3.0,2.0,5,8,2,0.69
6,2,4740,4,3,1,4.0,3.0,6,8,2,0.69
6,2,4740,3,3,1,4.0,3.0,6,3,2,0.69
6,2,4740,3,3,1,,,6,3,2,0.69
6,2,4701,5,5,1,4.0,4.0,6,8,2,0.69
6,2,4700,4,3,1,4.0,4.0,6,8,2,0.69
6,2,4680,5,4,1,4.0,3.0,6,8,2,0.69
6,2,4680,4,4,1,4.0,4.0,6,8,2,0.69
6,2,4680,3,3,1,4.0,3.0,6,8,2,0.69
6,2,4671,4,4,1,4.0,4.0,6,8,2,0.69
6,2,4670,3,3,1,3.0,4.0,6,97,2,0.69
6,2,4670,4,4,1,4.0,4.0,6,7,2,0.69
6,2,4655,4,4,1,4.0,4.0,2,8,2,0.69
6,2,4655,4,4,1,4.0,4.0,6,8,2,0.69
6,2,4655,3,4,1,4.0,4.0,6,2,2,0.69
6,2,4655,4,3,2,3.0,3.0,4,7,2,0.69
6,2,4650,4,3,1,4.0,3.0,6,3,2,0.69
6,2,4570,5,5,1,5.0,5.0,6,8,2,0.69
6,2,4370,4,4,1,4.0,3.0,6,8,2,0.69
6,2,4361,4,4,1,4.0,4.0,6,8,2,0.69
6,2,4350,4,3,1,3.0,4.0,6,8,2,0.69
6,2,4350,1,2,1,2.0,2.0,5,2,2,0.69
6,2,4310,4,3,1,,,6,97,2,0.69
4,2,4560,3,3,1,3.0,4.0,6,3,2,0.75
4,2,4558,5,5,2,5.0,4.0,6,3,1,0.75
4,2,4558,5,3,2,4.0,5.0,6,3,2,0.75
4,2,4305,3,4,1,4.0,4.0,6,6,2,0.75
4,2,4285,1,1,1,1.0,1.0,6,97,2,0.75
4,2,4285,4,3,1,4.0,4.0,6,6,2,0.75
4,2,4275,4,3,1,3.0,5.0,6,5,2,0.75
4,2,4227,4,4,1,4.0,4.0,6,3,2,0.75
4,2,4220,4,3,1,3.0,3.0,6,6,2,0.75
4,2,4213,3,6,1,4.0,4.0,6,3,2,0.75
4,2,4211,3,3,1,3.0,3.0,6,7,2,0.75
4,2,4211,4,4,1,4.0,2.0,6,6,2,0.75
4,2,4209,4,4,1,,,2,3,2,0.75
4,2,4178,3,4,1,4.0,3.0,4,3,2,0.75
4,2,4178,3,3,1,3.0,2.0,6,2,2,0.75
4,2,4178,5,5,1,5.0,4.0,6,3,2,0.75
4,2,4170,2,1,2,1.0,1.0,6,3,2,0.75
4,2,4157,6,4,2,4.0,4.0,6,6,2,0.75
4,2,4132,4,3,1,3.0,2.0,6,1,2,0.75
4,2,4124,6,3,1,3.0,3.0,6,5,2,0.75
4,2,4124,2,3,1,3.0,3.0,6,8,2,0.75
4,2,4034,4,4,1,4.0,4.0,6,6,1,0.75
4,2,4032,5,5,1,4.0,2.0,6,1,2,0.75
2,2,4305,6,6,1,,,6,2,2,0.94
2,2,4213,3,3,1,3.0,3.0,3,1,1,0.94
2,2,4207,4,3,1,4.0,3.0,6,2,2,0.94
2,2,4165,3,2,2,3.0,3.0,4,1,2,0.94
7,2,4573,4,3,1,4.0,3.0,6,8,2,1.02
7,2,4573,4,4,1,3.0,3.0,3,8,2,1.02
7,2,4564,3,4,1,4.0,4.0,6,8,2,1.02
7,2,4556,5,6,1,3.0,4.0,6,8,2,1.02
7,2,4556,3,4,2,4.0,4.0,6,8,2,1.02
7,2,4556,6,6,1,3.0,3.0,6,8,2,1.02
7,2,4551,3,3,1,,,6,8,2,1.02
7,2,4551,1,1,1,1.0,2.0,6,8,2,1.02
7,2,4551,5,4,1,4.0,4.0,6,8,2,1.02
7,2,4514,5,4,1,4.0,4.0,6,3,2,1.02
7,2,4510,3,2,2,2.0,2.0,6,8,2,1.02
7,2,4510,3,4,1,,,6,8,2,1.02
7,2,4509,2,6,1,3.0,3.0,3,8,2,1.02
7,2,4504,4,5,1,5.0,5.0,6,8,2,1.02
7,2,4503,5,6,1,4.0,4.0,6,8,2,1.02
7,2,4306,2,4,1,4.0,4.0,6,8,2,1.02
7,2,4227,2,3,2,3.0,4.0,6,8,2,1.02
7,2,4226,4,3,1,,,6,8,2,1.02
7,2,4226,5,5,1,4.0,4.0,6,8,2,1.02
7,2,4226,4,4,1,4.0,4.0,6,8,2,1.02
7,2,4224,3,2,1,3.0,3.0,6,8,2,1.02
7,2,4220,5,4,1,4.0,4.0,6,8,2,1.02
7,2,4217,5,4,1,4.0,4.0,5,8,1,1.02
7,2,4215,6,5,1,4.0,4.0,6,8,2,1.02
7,2,4212,5,3,1,4.0,4.0,6,8,2,1.02
7,2,4211,4,4,1,4.0,4.0,6,8,1,1.02
7,2,4211,3,1,1,1.0,3.0,6,8,2,1.02
7,2,4209,3,4,1,,,6,8,2,1.02
7,2,4209,3,4,1,,,6,8,2,1.02
7,2,4209,5,4,2,4.0,3.0,6,8,2,1.02
7,2,4207,3,1,2,2.0,2.0,6,8,2,1.02
7,2,4207,2,2,1,3.0,2.0,6,8,2,1.02
7,2,4205,3,2,1,,,6,97,2,1.02
7,2,4173,4,4,1,,,6,8,2,1.02
7,2,4164,4,6,1,4.0,4.0,6,8,2,1.02
7,2,4163,4,4,1,4.0,4.0,6,8,2,1.02
7,2,4160,3,3,1,3.0,3.0,6,8,2,1.02
7,2,4157,3,3,1,,,6,8,2,1.02
7,2,4152,3,4,1,,,6,8,2,1.02
7,2,4127,3,4,1,,,6,8,2,1.02
7,2,4122,1,3,2,4.0,4.0,6,8,2,1.02
7,2,4115,3,3,1,,,6,8,2,1.02
7,2,4114,4,6,1,4.0,3.0,6,97,2,1.02
7,2,4114,4,6,1,,,6,8,2,1.02
7,2,4109,3,3,1,3.0,4.0,6,8,2,1.02
7,2,4109,5,4,1,4.0,4.0,6,8,2,1.02
7,2,4105,3,3,1,4.0,3.0,6,97,2,1.02
7,2,4104,1,1,2,1.0,1.0,6,8,2,1.02
7,2,4053,4,3,1,3.0,3.0,6,8,2,1.02
7,2,4034,4,4,1,,,6,8,2,1.02
7,2,4034,4,4,1,4.0,3.0,6,8,2,1.02
7,2,4034,5,2,1,4.0,3.0,6,7,2,1.02
7,2,4032,5,5,1,5.0,5.0,6,97,2,1.02
7,2,4021,5,4,1,,,6,8,2,1.02
7,2,4020,4,3,1,3.0,4.0,6,8,2,1.02
7,2,4020,4,3,1,4.0,3.0,6,8,2,1.02
7,2,4019,2,2,1,,,6,8,2,1.02
7,2,4018,4,4,1,4.0,4.0,6,8,2,1.02
7,2,4017,3,3,1,3.0,2.0,6,97,1,1.02
7,2,4007,3,4,1,4.0,4.0,6,8,2,1.02
7,2,4879,5,4,1,3.0,4.0,6,3,2,1.04
7,2,4879,6,3,1,3.0,3.0,5,8,2,1.04
7,2,4878,4,4,1,4.0,3.0,6,3,2,1.04
7,2,4877,4,4,1,,,6,8,2,1.04
7,2,4870,5,6,1,3.0,3.0,6,8,1,1.04
7,2,4870,4,3,1,4.0,3.0,6,3,1,1.04
7,2,4870,3,4,1,4.0,5.0,6,3,1,1.04
7,2,4870,4,4,1,4.0,4.0,6,8,2,1.04
7,2,4870,4,4,1,4.0,4.0,6,8,2,1.04
7,2,4860,5,3,1,4.0,4.0,6,8,2,1.04
7,2,4818,4,3,1,3.0,4.0,5,3,1,1.04
7,2,4815,4,3,1,4.0,4.0,6,8,2,1.04
7,2,4810,5,2,1,,,6,8,2,1.04
7,2,4805,5,5,1,5.0,5.0,6,8,2,1.04
7,2,4740,2,2,1,,,6,8,2,1.04
7,2,4702,2,3,1,,,6,8,2,1.04
7,2,4701,3,4,1,4.0,4.0,6,7,1,1.04
7,2,4680,4,4,1,4.0,3.0,2,8,2,1.04
7,2,4680,4,4,1,5.0,3.0,2,8,2,1.04
7,2,4680,3,3,1,3.0,2.0,6,8,2,1.04
7,2,4670,4,4,1,,,6,3,2,1.04
7,2,4670,3,3,1,3.0,3.0,5,8,2,1.04
7,2,4655,4,5,1,4.0,4.0,6,8,2,1.04
7,2,4655,2,4,1,2.0,2.0,6,8,2,1.04
7,2,4650,3,6,1,,,6,8,2,1.04
7,2,4615,5,4,1,4.0,4.0,6,8,2,1.04
7,2,4580,3,3,1,3.0,3.0,6,8,1,1.04
7,2,4580,5,3,1,,,6,8,2,1.04
7,2,4570,3,4,1,3.0,3.0,6,2,2,1.04
7,2,4570,6,4,1,4.0,3.0,6,8,2,1.04
7,2,4570,2,2,1,1.0,1.0,6,8,2,1.04
7,2,4352,1,3,1,2.0,2.0,6,8,2,1.04
7,2,4350,5,5,1,5.0,5.0,6,8,2,1.04
7,2,4343,5,4,1,4.0,4.0,6,7,2,1.04
7,2,4343,5,4,1,4.0,4.0,6,7,2,1.04
7,2,4304,4,2,1,,,6,6,2,1.04
5,2,4870,2,3,1,3.0,3.0,4,6,1,1.12
5,2,4870,4,4,1,4.0,4.0,5,3,1,1.12
5,2,4870,6,1,1,,,4,8,2,1.12
5,2,4870,5,4,1,4.0,4.0,5,2,2,1.12
5,2,4818,3,4,1,4.0,4.0,6,7,2,1.12
5,2,4814,3,3,1,3.0,3.0,6,7,2,1.12
5,2,4812,5,4,2,5.0,5.0,2,7,2,1.12
5,2,4810,2,1,1,2.0,1.0,3,6,2,1.12
5,2,4703,3,3,1,3.0,3.0,6,8,2,1.12
5,2,4700,5,4,2,4.0,4.0,6,7,2,1.12
5,2,4680,5,5,2,5.0,5.0,4,7,2,1.12
5,2,4670,2,3,1,,,6,8,1,1.12
5,2,4670,3,6,1,4.0,4.0,6,3,2,1.12
5,2,4670,4,3,2,3.0,3.0,6,7,2,1.12
5,2,4670,3,4,1,4.0,3.0,5,5,2,1.12
5,2,4660,4,4,1,4.0,3.0,6,3,2,1.12
5,2,4655,4,4,1,4.0,4.0,4,3,1,1.12
5,2,4655,2,3,2,3.0,2.0,6,6,1,1.12
5,2,4655,6,3,1,,,6,8,2,1.12
5,2,4655,4,4,1,4.0,5.0,6,7,2,1.12
5,2,4655,6,2,1,,,3,6,2,1.12
5,2,4570,3,3,1,3.0,3.0,4,3,2,1.12
5,2,4570,3,3,1,,,6,3,2,1.12
5,2,4350,4,6,1,4.0,4.0,6,8,2,1.12
5,2,4300,3,6,1,3.0,3.0,6,7,2,1.12
6,2,4512,6,3,1,,,6,8,2,1.26
6,2,4510,3,3,1,3.0,3.0,6,8,2,1.26
6,2,4508,3,6,2,3.0,3.0,6,8,2,1.26
6,2,4506,5,4,1,,,6,8,2,1.26
6,2,4500,5,4,2,4.0,4.0,6,3,2,1.26
6,2,4305,4,3,2,4.0,4.0,6,7,2,1.26
6,2,4227,6,4,1,,,6,3,2,1.26
6,2,4220,4,4,1,4.0,4.0,6,8,2,1.26
6,2,4217,4,6,1,3.0,3.0,6,7,2,1.26
6,2,4216,4,2,1,2.0,2.0,3,8,2,1.26
6,2,4209,4,4,1,4.0,4.0,6,8,2,1.26
6,2,4207,3,3,1,3.0,3.0,6,8,2,1.26
6,2,4207,4,5,1,4.0,3.0,6,8,2,1.26
6,2,4178,5,5,1,,,6,8,2,1.26
6,2,4178,6,2,1,2.0,1.0,6,8,2,1.26
6,2,4165,2,4,1,4.0,4.0,2,8,2,1.26
6,2,4159,4,4,1,4.0,4.0,6,8,2,1.26
6,2,4157,5,3,2,4.0,4.0,4,7,2,1.26
6,2,4152,2,2,1,4.0,4.0,6,8,2,1.26
6,2,4133,4,4,1,4.0,3.0,6,8,2,1.26
6,2,4132,4,4,1,4.0,4.0,5,8,2,1.26
6,2,4125,4,4,1,4.0,4.0,6,97,2,1.26
6,2,4124,6,3,1,3.0,5.0,6,8,2,1.26
6,2,4123,4,4,2,4.0,4.0,6,3,2,1.26
6,2,4120,4,3,1,4.0,2.0,6,8,2,1.26
6,2,4074,4,3,1,2.0,1.0,6,7,2,1.26
6,2,4053,4,5,1,5.0,4.0,6,7,2,1.26
6,2,4035,4,3,1,,,6,3,2,1.26
6,2,4014,4,4,1,4.0,5.0,6,8,2,1.26
6,2,4005,3,3,1,,,6,8,2,1.26
6,2,4000,3,4,1,,,6,7,2,1.26
5,2,4506,2,3,2,3.0,2.0,6,3,2,2.31
5,2,4504,5,4,1,4.0,4.0,6,3,2,2.31
5,2,4503,3,4,1,,,6,7,2,2.31
5,2,4306,2,3,1,3.0,3.0,4,7,2,2.31
5,2,4226,3,2,1,2.0,2.0,6,3,2,2.31
5,2,4223,4,4,1,3.0,3.0,6,7,2,2.31
5,2,4217,3,2,1,2.0,2.0,2,8,2,2.31
5,2,4210,2,4,1,4.0,4.0,5,7,2,2.31
5,2,4207,4,3,1,,,6,7,2,2.31
5,2,4151,3,3,1,3.0,3.0,6,8,2,2.31
5,2,4127,6,4,1,,,6,97,2,2.31
5,2,4114,3,5,1,5.0,4.0,6,7,2,2.31
5,2,4105,4,5,1,3.0,4.0,6,3,2,2.31
5,2,4053,3,3,1,3.0,3.0,6,8,2,2.31
5,2,4012,5,5,1,4.0,4.0,6,2,2,2.31
7,1,4873,5,5,1,4.0,3.0,1,8,2,0.54
7,1,4870,2,2,1,3.0,2.0,6,8,2,0.54
7,1,4870,5,4,1,4.0,3.0,6,3,2,0.54
7,1,4817,3,5,1,4.0,3.0,6,3,2,0.54
7,1,4814,3,3,1,3.0,3.0,6,8,2,0.54
7,1,4814,3,3,1,4.0,2.0,6,8,2,0.54
7,1,4740,4,3,2,4.0,4.0,6,8,2,0.54
7,1,4701,5,5,1,5.0,5.0,6,8,2,0.54
7,1,4650,4,3,1,4.0,4.0,6,8,2,0.54
7,1,4650,4,4,2,2.0,2.0,5,8,2,0.54
7,1,4570,4,3,1,4.0,3.0,6,8,2,0.54
7,1,4341,4,4,1,4.0,4.0,6,3,2,0.54
6,1,4879,3,3,1,3.0,3.0,2,8,2,0.67
6,1,4870,3,4,1,4.0,3.0,6,8,2,0.67
6,1,4870,4,4,1,4.0,2.0,6,6,2,0.67
6,1,4869,4,4,1,4.0,4.0,6,8,2,0.67
6,1,4869,5,5,1,4.0,4.0,6,3,2,0.67
6,1,4810,4,4,2,,,6,8,2,0.67
6,1,4700,4,2,1,2.0,3.0,3,97,1,0.67
6,1,4700,1,1,1,1.0,1.0,5,8,2,0.67
6,1,4680,5,5,1,4.0,3.0,1,1,2,0.67
6,1,4680,5,5,1,5.0,5.0,4,2,2,0.67
6,1,4670,4,4,1,4.0,4.0,5,8,2,0.67
6,1,4670,5,5,1,4.0,4.0,6,3,2,0.67
6,1,4655,3,2,1,2.0,2.0,6,3,2,0.67
6,1,4580,4,4,1,4.0,3.0,6,7,2,0.67
6,1,4570,4,4,1,4.0,3.0,6,3,2,0.67
6,1,4352,4,4,1,4.0,4.0,6,5,2,0.67
6,1,4350,3,2,1,3.0,2.0,6,3,2,0.67
6,1,4077,4,3,1,,,6,2,2,0.67
7,1,4509,5,4,1,4.0,4.0,4,8,2,0.71
7,1,4507,2,3,1,2.0,2.0,6,8,2,0.71
7,1,4500,3,3,1,3.0,2.0,6,8,2,0.71
7,1,4216,5,3,1,4.0,3.0,6,1,2,0.71
7,1,4215,5,5,1,4.0,4.0,3,8,2,0.71
7,1,4215,4,4,1,3.0,3.0,6,8,2,0.71
7,1,4179,1,2,1,2.0,2.0,6,1,2,0.71
7,1,4152,4,4,1,4.0,3.0,4,7,1,0.71
7,1,4124,5,4,1,,,6,8,2,0.71
7,1,4116,4,4,1,4.0,2.0,6,8,2,0.71
6,1,4551,4,3,1,3.0,4.0,6,8,2,0.96
6,1,4510,4,3,1,4.0,4.0,6,7,2,0.96
6,1,4509,3,3,1,4.0,4.0,6,8,2,0.96
6,1,4501,5,5,1,5.0,5.0,6,3,2,0.96
6,1,4280,3,3,1,4.0,3.0,6,2,2,0.96
6,1,4227,4,4,1,4.0,4.0,6,7,2,0.96
6,1,4217,4,4,1,,,4,8,2,0.96
6,1,4214,4,6,1,4.0,3.0,6,8,1,0.96
6,1,4178,4,5,1,4.0,4.0,3,3,1,0.96
6,1,4178,4,4,1,4.0,4.0,6,3,2,0.96
6,1,4169,5,4,1,4.0,4.0,6,8,2,0.96
6,1,4157,4,3,1,4.0,2.0,6,7,2,0.96
6,1,4109,2,3,1,2.0,4.0,6,8,2,0.96
6,1,4101,5,5,1,5.0,5.0,6,3,1,0.96
6,1,4064,3,3,2,3.0,3.0,3,2,2,0.96
6,1,4059,4,4,1,4.0,3.0,1,8,2,0.96
6,1,4051,5,4,1,4.0,4.0,6,6,2,0.96
6,1,4034,5,5,1,4.0,4.0,3,3,2,0.96
6,1,4020,4,5,1,4.0,4.0,6,3,1,0.96
4,1,4567,4,4,1,4.0,3.0,6,1,2,0.99
4,1,4557,2,4,2,3.0,2.0,3,5,2,0.99
4,1,4556,4,3,1,4.0,3.0,6,1,2,0.99
4,1,4510,3,5,1,4.0,4.0,3,1,1,0.99
4,1,4509,4,4,1,4.0,4.0,6,6,2,0.99
4,1,4508,2,6,1,5.0,5.0,6,4,2,0.99
4,1,4500,2,3,1,3.0,4.0,3,7,2,0.99
4,1,4500,2,3,1,3.0,3.0,4,3,2,0.99
4,1,4305,4,5,1,5.0,1.0,6,5,1,0.99
4,1,4305,5,5,1,4.0,1.0,6,4,1,0.99
4,1,4305,4,5,1,5.0,1.0,6,4,1,0.99
4,1,4305,5,5,1,4.0,1.0,6,4,1,0.99
4,1,4305,4,4,1,4.0,1.0,6,4,1,0.99
4,1,4305,5,5,1,4.0,1.0,6,4,1,0.99
4,1,4227,4,4,1,4.0,4.0,6,5,2,0.99
4,1,4217,5,2,1,4.0,4.0,6,5,1,0.99
4,1,4217,2,1,1,1.0,1.0,1,3,2,0.99
4,1,4215,5,4,1,4.0,4.0,5,6,1,0.99
4,1,4210,4,5,1,4.0,3.0,6,2,2,0.99
4,1,4208,4,4,1,4.0,4.0,6,6,2,0.99
4,1,4207,4,4,1,4.0,3.0,6,4,2,0.99
4,1,4172,3,4,2,4.0,3.0,6,2,2,0.99
4,1,4170,3,4,1,4.0,3.0,5,3,2,0.99
4,1,4160,5,4,1,4.0,4.0,6,6,2,0.99
4,1,4160,3,4,1,4.0,3.0,6,4,2,0.99
4,1,4158,3,3,1,4.0,4.0,5,4,2,0.99
4,1,4153,4,4,1,4.0,4.0,5,5,2,0.99
4,1,4152,3,4,1,3.0,3.0,6,5,2,0.99
4,1,4152,4,4,1,3.0,3.0,6,5,2,0.99
4,1,4127,3,4,1,3.0,3.0,3,6,1,0.99
4,1,4122,3,4,2,3.0,3.0,6,1,1,0.99
4,1,4119,4,4,1,5.0,1.0,6,4,1,0.99
4,1,4118,5,3,1,3.0,4.0,3,4,1,0.99
4,1,4118,4,5,1,4.0,4.0,6,6,2,0.99
4,1,4118,3,4,1,4.0,4.0,6,5,2,0.99
4,1,4118,3,3,1,3.0,3.0,6,6,2,0.99
4,1,4113,3,6,1,3.0,3.0,6,3,1,0.99
4,1,4113,5,5,1,4.0,1.0,6,4,1,0.99
4,1,4113,1,3,1,3.0,4.0,6,3,1,0.99
4,1,4113,4,4,1,4.0,3.0,6,6,2,0.99
4,1,4110,5,5,1,4.0,1.0,6,4,1,0.99
4,1,4109,4,4,1,4.0,4.0,3,3,2,0.99
4,1,4101,5,5,1,4.0,1.0,6,4,1,0.99
4,1,4101,5,5,1,4.0,1.0,6,4,1,0.99
4,1,4074,2,1,2,1.0,5.0,3,5,1,0.99
4,1,4074,5,3,1,4.0,4.0,5,1,2,0.99
4,1,4068,3,6,1,3.0,2.0,4,1,2,0.99
4,1,4066,4,4,1,4.0,4.0,4,5,2,0.99
4,1,4059,3,4,2,3.0,3.0,5,3,1,0.99
4,1,4054,2,1,1,1.0,4.0,5,5,1,0.99
4,1,4053,3,4,1,3.0,3.0,6,2,1,0.99
4,1,4034,3,3,1,3.0,3.0,6,4,2,0.99
4,1,4031,5,5,1,4.0,4.0,6,8,2,0.99
4,1,4030,4,4,1,4.0,2.0,4,2,1,0.99
4,1,4019,4,3,1,4.0,3.0,6,3,2,0.99
4,1,4018,4,4,1,4.0,4.0,1,5,1,0.99
4,1,4017,4,4,1,4.0,4.0,6,8,2,0.99
4,1,4006,3,4,1,4.0,3.0,6,3,2,0.99
4,1,4000,5,5,1,4.0,1.0,6,4,1,0.99
4,1,4879,4,4,1,3.0,3.0,3,6,2,1.0
4,1,4877,4,4,1,4.0,4.0,6,3,2,1.0
4,1,4872,4,5,1,4.0,2.0,6,5,2,1.0
4,1,4870,3,5,1,4.0,3.0,3,8,2,1.0
4,1,4870,1,3,1,4.0,3.0,6,2,2,1.0
4,1,4868,2,3,1,4.0,4.0,6,6,2,1.0
4,1,4860,4,4,1,4.0,4.0,6,5,2,1.0
4,1,4817,4,4,2,4.0,3.0,6,3,2,1.0
4,1,4815,5,4,1,4.0,3.0,6,5,1,1.0
4,1,4810,4,3,1,4.0,4.0,6,6,2,1.0
4,1,4805,6,5,1,3.0,3.0,3,3,1,1.0
4,1,4802,5,4,1,3.0,4.0,6,4,1,1.0
4,1,4802,4,5,1,4.0,1.0,6,4,1,1.0
4,1,4701,3,4,2,4.0,4.0,6,5,2,1.0
4,1,4680,3,3,1,3.0,3.0,6,8,2,1.0
4,1,4680,3,3,1,3.0,3.0,6,8,2,1.0
4,1,4680,3,3,1,3.0,3.0,6,8,2,1.0
4,1,4680,2,2,1,2.0,2.0,6,1,2,1.0
4,1,4680,3,4,1,4.0,4.0,4,6,2,1.0
4,1,4655,4,4,1,4.0,3.0,4,5,2,1.0
4,1,4570,3,4,1,5.0,4.0,6,2,2,1.0
4,1,4402,4,4,1,4.0,1.0,6,4,1,1.0
4,1,4350,4,4,1,4.0,3.0,4,97,1,1.0
4,1,4350,2,3,1,2.0,2.0,6,6,2,1.0
4,1,4304,4,4,1,3.0,3.0,6,5,2,1.0
4,1,4304,3,2,1,2.0,2.0,6,2,2,1.0
4,1,4304,3,3,1,4.0,3.0,6,5,2,1.0
4,1,4301,2,4,1,,,6,2,2,1.0
3,1,4560,2,2,1,2.0,2.0,3,5,2,1.38
3,1,4506,4,4,1,,,6,7,2,1.38
3,1,4503,2,2,1,2.0,2.0,5,5,2,1.38
3,1,4502,4,5,2,4.0,2.0,3,1,2,1.38
3,1,4305,6,3,1,3.0,3.0,6,5,2,1.38
3,1,4218,5,5,1,4.0,4.0,4,3,2,1.38
3,1,4217,5,5,1,4.0,1.0,6,5,1,1.38
3,1,4217,5,4,1,4.0,3.0,6,5,2,1.38
3,1,4212,4,5,1,4.0,3.0,6,1,2,1.38
3,1,4211,5,4,1,4.0,2.0,6,1,2,1.38
3,1,4211,4,4,2,4.0,4.0,6,1,2,1.38
3,1,4211,3,2,1,4.0,4.0,6,2,2,1.38
3,1,4179,4,4,2,,,6,1,2,1.38
3,1,4179,4,4,1,4.0,4.0,6,3,2,1.38
3,1,4178,4,5,1,4.0,4.0,3,5,2,1.38
3,1,4173,4,6,1,,,6,5,2,1.38
3,1,4164,6,6,2,3.0,3.0,6,2,2,1.38
3,1,4156,3,4,1,3.0,2.0,4,3,2,1.38
3,1,4128,4,4,1,4.0,4.0,2,8,2,1.38
3,1,4123,3,3,1,,,6,2,2,1.38
3,1,4122,4,4,1,3.0,3.0,6,1,1,1.38
3,1,4116,2,4,1,3.0,2.0,5,2,2,1.38
3,1,4114,4,3,2,4.0,4.0,6,7,2,1.38
3,1,4113,4,5,1,4.0,4.0,6,4,2,1.38
3,1,4113,4,4,1,3.0,2.0,6,97,2,1.38
3,1,4109,3,3,1,,,6,7,2,1.38
3,1,4109,3,4,2,4.0,4.0,3,1,2,1.38
3,1,4107,4,4,1,3.0,4.0,2,2,1,1.38
3,1,4105,4,4,1,4.0,4.0,6,1,2,1.38
3,1,4105,5,3,2,2.0,4.0,3,5,2,1.38
3,1,4104,4,5,1,2.0,3.0,2,4,2,1.38
3,1,4101,4,5,1,4.0,4.0,5,3,2,1.38
3,1,4074,2,3,1,3.0,2.0,6,3,2,1.38
3,1,4069,3,3,1,4.0,3.0,5,3,2,1.38
3,1,4068,3,2,1,4.0,4.0,6,3,2,1.38
3,1,4067,1,2,1,2.0,2.0,6,3,2,1.38
3,1,4064,1,2,1,2.0,2.0,6,3,2,1.38
3,1,4055,4,4,1,4.0,3.0,3,5,2,1.38
3,1,4055,4,4,1,4.0,3.0,3,5,2,1.38
3,1,4053,4,4,2,4.0,3.0,6,1,2,1.38
3,1,4053,4,4,1,3.0,2.0,3,3,2,1.38
3,1,4032,3,2,2,2.0,4.0,6,97,2,1.38
3,1,4010,3,4,1,2.0,3.0,4,6,2,1.38
3,1,4007,5,5,1,5.0,5.0,6,3,1,1.38
3,1,4000,4,4,1,4.0,2.0,3,4,1,1.38
3,1,4000,5,3,2,2.0,4.0,3,4,1,1.38
3,1,4000,5,5,1,5.0,5.0,2,3,2,1.38
3,1,4000,5,5,2,4.0,3.0,2,4,2,1.38
3,1,4878,4,4,1,3.0,3.0,4,3,2,1.56
3,1,4870,3,5,2,4.0,4.0,4,3,2,1.56
3,1,4870,5,4,2,4.0,4.0,4,3,2,1.56
3,1,4870,4,1,1,3.0,3.0,4,3,2,1.56
3,1,4865,4,4,2,4.0,2.0,6,1,2,1.56
3,1,4814,4,4,1,4.0,3.0,1,3,1,1.56
3,1,4814,4,4,1,4.0,4.0,6,7,2,1.56
3,1,4814,4,4,1,,,6,3,2,1.56
3,1,4810,4,4,1,4.0,3.0,3,2,1,1.56
3,1,4810,3,3,1,3.0,3.0,5,1,2,1.56
3,1,4800,4,4,2,,,6,1,2,1.56
3,1,4680,5,4,2,4.0,4.0,3,3,1,1.56
3,1,4680,3,3,1,3.0,5.0,6,3,2,1.56
3,1,4655,6,6,1,3.0,3.0,2,4,2,1.56
3,1,4350,4,4,1,4.0,2.0,5,1,2,1.56
3,1,4350,4,3,2,3.0,4.0,6,3,2,1.56
3,1,4303,3,5,1,4.0,4.0,6,3,2,1.56
3,1,4301,4,4,2,4.0,3.0,4,4,1,1.56
3,1,4301,3,4,1,4.0,4.0,6,5,2,1.56
3,1,4078,4,4,1,,,3,4,1,1.56
3,1,4078,4,4,1,4.0,4.0,6,2,2,1.56
3,1,4077,6,6,1,3.0,4.0,6,97,1,1.56
3,1,4075,3,4,1,,,3,4,1,1.56
3,1,4075,3,4,1,4.0,2.0,3,1,2,1.56
3,1,26,4,4,2,4.0,2.0,6,1,2,1.56
5,1,4879,5,4,1,4.0,1.0,2,3,2,1.65
5,1,4870,3,3,1,4.0,3.0,4,6,2,1.65
5,1,4818,3,3,1,4.0,3.0,6,6,2,1.65
5,1,4817,4,3,1,3.0,4.0,6,8,2,1.65
5,1,4810,3,3,1,2.0,2.0,6,3,2,1.65
5,1,4740,3,4,1,3.0,4.0,6,6,2,1.65
5,1,4701,3,3,1,4.0,3.0,3,8,2,1.65
5,1,4701,2,3,1,3.0,1.0,6,5,2,1.65
5,1,4670,4,4,1,,,6,8,2,1.65
5,1,4570,3,5,1,4.0,4.0,6,6,2,1.65
5,1,4350,5,5,1,4.0,4.0,6,3,2,1.65
5,1,4350,4,4,1,4.0,2.0,6,3,2,1.65
5,1,4077,3,2,1,2.0,2.0,6,7,2,1.65
5,1,4077,4,4,1,4.0,4.0,6,7,2,1.65
5,1,4511,5,3,1,4.0,3.0,6,2,2,2.14
5,1,4509,5,3,1,3.0,2.0,2,1,1,2.14
5,1,4507,3,3,1,,,4,7,2,2.14
5,1,4500,3,3,1,3.0,4.0,6,3,2,2.14
5,1,4305,3,3,2,3.0,3.0,6,1,2,2.14
5,1,4272,5,5,1,4.0,1.0,6,5,1,2.14
5,1,4228,4,4,1,4.0,4.0,6,6,2,2.14
5,1,4217,4,4,1,4.0,3.0,5,8,2,2.14
5,1,4215,4,4,1,3.0,3.0,6,6,2,2.14
5,1,4211,3,3,2,3.0,4.0,4,7,2,2.14
5,1,4170,3,3,1,3.0,3.0,6,7,2,2.14
5,1,4170,4,4,1,4.0,3.0,6,8,2,2.14
5,1,4115,4,3,2,3.0,3.0,6,7,1,2.14
5,1,4069,4,4,1,5.0,5.0,6,5,2,2.14
5,1,4053,5,5,1,4.0,4.0,6,2,2,2.14
5,1,4035,2,4,1,,,6,7,2,2.14
5,1,4020,5,4,1,4.0,4.0,6,3,2,2.14
2,1,4510,5,5,1,5.0,2.0,6,1,1,5.59
2,1,4217,4,4,1,4.0,4.0,3,2,2,5.59
2,1,4122,4,4,1,4.0,5.0,6,2,2,5.59
2,1,4105,4,2,2,3.0,2.0,6,2,2,5.59
2,1,4104,4,4,1,4.0,4.0,4,4,2,5.59
2,1,4104,4,4,1,4.0,4.0,4,4,2,5.59
2,1,4065,4,4,1,3.0,3.0,6,7,2,5.59
2,1,4007,2,3,1,4.0,4.0,6,1,2,5.59
2,1,4812,4,3,1,4.0,4.0,2,3,2,6.27
2,1,4702,4,2,1,4.0,3.0,6,7,2,6.27
2,1,4701,2,2,2,2.0,2.0,3,1,2,6.27
2,1,4078,5,3,1,4.0,3.0,6,7,1,6.27
3,2,4879,4,4,2,4.0,3.0,4,4,1,0.63
3,2,4879,4,4,2,4.0,3.0,6,1,2,0.63
3,2,4870,5,5,1,4.0,4.0,3,4,1,0.63
3,2,4870,4,4,1,3.0,3.0,2,4,1,0.63
3,2,4870,4,5,1,4.0,4.0,3,4,1,0.63
3,2,4870,4,4,2,4.0,4.0,6,4,2,0.63
3,2,4870,5,5,2,4.0,4.0,3,4,2,0.63
3,2,4870,4,4,1,4.0,3.0,6,1,2,0.63
3,2,4818,3,4,1,4.0,2.0,6,97,1,0.63
3,2,4818,5,5,1,5.0,4.0,5,4,2,0.63
3,2,4818,4,3,1,3.0,4.0,6,3,2,0.63
3,2,4818,4,4,1,3.0,4.0,6,3,2,0.63
3,2,4817,5,3,1,3.0,1.0,6,6,2,0.63
3,2,4817,3,3,1,4.0,3.0,6,5,2,0.63
3,2,4817,3,5,1,4.0,4.0,6,5,2,0.63
3,2,4814,2,3,1,3.0,3.0,6,3,2,0.63
3,2,4812,3,4,1,4.0,3.0,4,7,2,0.63
3,2,4812,6,4,1,,,3,3,2,0.63
3,2,4810,3,3,2,3.0,3.0,6,4,2,0.63
3,2,4810,3,3,1,,,6,3,2,0.63
3,2,4740,5,4,1,4.0,4.0,3,5,1,0.63
3,2,4740,2,4,1,4.0,3.0,6,3,2,0.63
3,2,4740,4,3,1,3.0,3.0,2,5,2,0.63
3,2,4740,2,1,1,3.0,2.0,6,4,2,0.63
3,2,4740,4,5,1,4.0,5.0,2,4,2,0.63
3,2,4740,4,4,1,3.0,4.0,3,6,2,0.63
3,2,4703,5,4,1,4.0,3.0,6,5,2,0.63
3,2,4703,4,3,1,4.0,4.0,6,4,2,0.63
3,2,4701,2,2,1,3.0,3.0,6,7,2,0.63
3,2,4701,4,6,2,4.0,4.0,6,5,2,0.63
3,2,4701,3,4,1,4.0,4.0,6,3,2,0.63
3,2,4701,3,4,1,3.0,3.0,6,1,2,0.63
3,2,4680,4,4,1,4.0,5.0,2,2,2,0.63
3,2,4680,2,2,2,2.0,3.0,5,5,2,0.63
3,2,4680,2,3,1,3.0,3.0,6,5,2,0.63
3,2,4655,6,3,1,4.0,3.0,6,4,2,0.63
3,2,4570,4,4,1,4.0,4.0,6,3,2,0.63
3,2,4350,3,4,1,4.0,4.0,6,6,2,0.63
3,2,4350,4,5,1,,,5,5,2,0.63
3,2,4350,5,4,1,4.0,3.0,6,3,2,0.63
3,2,4350,4,4,1,5.0,4.0,5,3,2,0.63
3,2,4307,4,4,1,,,3,1,2,0.63
3,2,4301,3,3,1,3.0,3.0,6,1,2,0.63
3,2,4300,4,4,1,3.0,4.0,3,5,2,0.63
3,2,4078,4,3,1,,,4,4,1,0.63
3,2,4078,6,4,1,4.0,4.0,6,3,2,0.63
3,2,4078,3,4,2,4.0,3.0,4,3,2,0.63
3,2,4077,4,4,1,4.0,4.0,6,3,2,0.63
3,2,4566,6,4,1,3.0,3.0,1,1,2,0.66
3,2,4560,5,5,1,,,5,3,2,0.66
3,2,4557,3,3,1,3.0,3.0,3,6,2,0.66
3,2,4556,3,3,1,4.0,5.0,6,3,2,0.66
3,2,4551,5,5,1,4.0,1.0,3,4,2,0.66
3,2,4520,4,4,1,4.0,2.0,3,6,2,0.66
3,2,4511,5,4,1,4.0,4.0,6,4,2,0.66
3,2,4510,5,5,1,4.0,4.0,4,5,2,0.66
3,2,4509,4,6,1,3.0,2.0,4,3,1,0.66
3,2,4503,5,3,1,,,6,3,2,0.66
3,2,4503,4,4,2,4.0,4.0,6,4,2,0.66
3,2,4502,6,6,1,,,6,5,2,0.66
3,2,4500,2,3,1,3.0,3.0,6,8,1,0.66
3,2,4306,3,4,1,4.0,4.0,6,97,2,0.66
3,2,4306,3,4,1,,,6,4,2,0.66
3,2,4305,5,3,1,4.0,4.0,6,5,1,0.66
3,2,4305,4,3,1,4.0,4.0,6,6,2,0.66
3,2,4226,3,3,1,2.0,2.0,5,3,1,0.66
3,2,4226,4,2,1,1.0,1.0,6,3,2,0.66
3,2,4218,4,3,1,,,4,97,2,0.66
3,2,4218,3,4,1,3.0,3.0,4,6,2,0.66
3,2,4217,3,4,2,3.0,3.0,6,3,2,0.66
3,2,4216,3,3,2,3.0,3.0,6,3,2,0.66
3,2,4215,2,3,1,3.0,2.0,3,5,2,0.66
3,2,4215,3,3,1,,,6,1,2,0.66
3,2,4212,4,3,1,4.0,4.0,1,4,2,0.66
3,2,4210,4,4,1,4.0,3.0,6,5,2,0.66
3,2,4209,4,4,1,4.0,4.0,6,5,2,0.66
3,2,4208,4,4,1,4.0,3.0,4,5,2,0.66
3,2,4207,5,4,2,4.0,4.0,4,4,1,0.66
3,2,4207,3,3,1,3.0,4.0,6,3,2,0.66
3,2,4205,4,4,1,4.0,4.0,5,5,1,0.66
3,2,4179,3,3,1,3.0,4.0,5,3,2,0.66
3,2,4178,3,3,1,3.0,3.0,6,4,2,0.66
3,2,4165,4,3,1,4.0,3.0,4,4,2,0.66
3,2,4165,2,3,1,3.0,2.0,6,5,2,0.66
3,2,4165,4,5,1,4.0,4.0,6,7,2,0.66
3,2,4159,4,5,1,4.0,2.0,4,5,2,0.66
3,2,4159,4,4,2,4.0,4.0,4,5,2,0.66
3,2,4158,6,1,2,,,6,3,2,0.66
3,2,4157,4,3,1,,,6,3,2,0.66
3,2,4154,3,4,1,4.0,4.0,6,5,2,0.66
3,2,4152,6,3,1,3.0,3.0,5,3,2,0.66
3,2,4152,5,5,2,4.0,3.0,3,3,2,0.66
3,2,4151,4,4,2,4.0,4.0,6,1,2,0.66
3,2,4133,4,3,2,3.0,4.0,6,3,2,0.66
3,2,4133,5,5,2,4.0,4.0,6,6,2,0.66
3,2,4127,4,4,1,4.0,4.0,2,5,2,0.66
3,2,4124,6,6,1,1.0,1.0,6,4,2,0.66
3,2,4121,3,5,1,4.0,4.0,2,1,2,0.66
3,2,4118,4,4,1,,,2,97,1,0.66
3,2,4118,3,3,1,4.0,3.0,6,3,2,0.66
3,2,4116,3,4,1,4.0,3.0,6,5,1,0.66
3,2,4116,2,3,1,3.0,3.0,6,3,2,0.66
3,2,4116,6,5,1,4.0,4.0,4,6,2,0.66
3,2,4115,4,4,1,4.0,4.0,5,1,1,0.66
3,2,4114,4,4,1,4.0,2.0,3,5,2,0.66
3,2,4113,4,4,1,4.0,4.0,3,5,1,0.66
3,2,4111,4,4,1,4.0,4.0,2,3,1,0.66
3,2,4109,4,5,1,4.0,4.0,4,1,1,0.66
3,2,4109,4,4,1,4.0,1.0,6,1,2,0.66
3,2,4107,4,4,1,4.0,4.0,6,3,2,0.66
3,2,4103,5,4,1,4.0,3.0,6,2,1,0.66
3,2,4103,4,4,1,,,5,2,1,0.66
3,2,4103,6,4,1,,,4,3,2,0.66
3,2,4101,5,5,1,4.0,4.0,6,3,1,0.66
3,2,4074,4,4,1,4.0,3.0,4,2,1,0.66
3,2,4074,4,4,1,3.0,3.0,4,2,1,0.66
3,2,4074,3,3,1,3.0,3.0,6,7,2,0.66
3,2,4073,3,3,1,,,4,4,2,0.66
3,2,4068,4,4,1,4.0,4.0,3,4,1,0.66
3,2,4066,6,3,2,,,4,1,2,0.66
3,2,4064,1,3,1,3.0,2.0,6,3,2,0.66
3,2,4061,5,4,1,,,6,7,2,0.66
3,2,4055,5,4,1,4.0,4.0,6,7,2,0.66
3,2,4055,3,3,1,,,2,1,2,0.66
3,2,4055,5,4,1,5.0,5.0,5,97,2,0.66
3,2,4053,4,4,1,,,6,2,2,0.66
3,2,4053,2,4,1,4.0,4.0,6,3,2,0.66
3,2,4053,3,5,1,,,6,4,2,0.66
3,2,4051,4,3,1,4.0,4.0,6,2,2,0.66
3,2,4037,3,3,1,3.0,3.0,6,7,2,0.66
3,2,4035,3,2,1,4.0,2.0,6,4,2,0.66
3,2,4034,5,4,1,4.0,4.0,3,4,1,0.66
3,2,4034,3,4,1,3.0,4.0,6,3,2,0.66
3,2,4032,3,4,1,4.0,4.0,3,97,2,0.66
3,2,4030,3,3,2,3.0,3.0,6,1,1,0.66
3,2,4017,4,4,2,4.0,4.0,6,4,2,0.66
3,2,4017,5,4,1,4.0,2.0,3,5,2,0.66
3,2,4017,4,4,1,4.0,4.0,6,3,2,0.66
3,2,4013,4,3,1,,,4,3,1,0.66
3,2,4012,3,3,2,3.0,3.0,4,3,2,0.66
3,2,4012,3,3,1,3.0,2.0,6,3,2,0.66
3,2,4011,3,3,1,3.0,3.0,6,2,1,0.66
3,2,4011,3,3,1,,,6,97,2,0.66
3,2,4006,5,5,1,4.0,5.0,1,4,1,0.66
3,2,4006,5,5,1,3.0,4.0,3,4,1,0.66
3,2,4006,6,6,1,4.0,4.0,6,1,2,0.66
3,2,4006,4,4,1,4.0,3.0,3,1,2,0.66
3,2,4006,4,4,1,4.0,3.0,3,1,2,0.66
3,2,4005,4,5,1,3.0,4.0,3,1,2,0.66
3,2,4000,3,5,1,3.0,3.0,4,3,1,0.66
3,2,4000,3,3,1,3.0,2.0,6,3,2,0.66
4,2,4879,3,4,2,3.0,3.0,4,4,2,0.67
4,2,4879,5,5,1,5.0,4.0,3,8,2,0.67
4,2,4879,4,3,2,3.0,4.0,4,3,2,0.67
4,2,4879,4,3,1,3.0,3.0,1,5,2,0.67
4,2,4870,4,3,1,3.0,3.0,6,4,1,0.67
4,2,4870,4,3,1,4.0,3.0,6,1,2,0.67
4,2,4869,4,3,1,4.0,4.0,5,6,2,0.67
4,2,4868,2,2,1,2.0,2.0,4,3,1,0.67
4,2,4868,5,4,2,4.0,3.0,6,6,2,0.67
4,2,4818,3,3,1,3.0,3.0,6,97,2,0.67
4,2,4817,4,3,1,3.0,4.0,5,5,1,0.67
4,2,4817,5,5,1,4.0,4.0,6,6,2,0.67
4,2,4817,4,4,1,4.0,4.0,4,5,2,0.67
4,2,4815,4,1,2,2.0,1.0,6,4,2,0.67
4,2,4814,3,4,1,3.0,4.0,4,2,1,0.67
4,2,4814,3,3,2,3.0,3.0,6,5,2,0.67
4,2,4814,2,2,1,2.0,1.0,3,1,2,0.67
4,2,4814,4,4,1,4.0,3.0,6,6,2,0.67
4,2,4814,5,4,2,5.0,5.0,6,7,2,0.67
4,2,4812,4,4,1,,,6,1,2,0.67
4,2,4811,3,4,2,4.0,4.0,6,8,2,0.67
4,2,4810,4,3,1,3.0,2.0,6,4,2,0.67
4,2,4810,3,3,1,4.0,3.0,6,5,2,0.67
4,2,4802,6,4,1,3.0,3.0,6,2,2,0.67
4,2,4743,3,4,1,4.0,4.0,4,7,2,0.67
4,2,4740,3,3,2,,,6,4,2,0.67
4,2,4740,5,4,1,4.0,4.0,4,5,2,0.67
4,2,4740,6,5,1,5.0,5.0,3,3,2,0.67
4,2,4740,4,4,1,4.0,4.0,4,1,2,0.67
4,2,4740,3,4,1,4.0,2.0,6,6,2,0.67
4,2,4740,3,4,2,4.0,4.0,6,1,2,0.67
4,2,4703,4,4,1,4.0,3.0,6,4,2,0.67
4,2,4703,5,3,2,3.0,4.0,6,5,2,0.67
4,2,4680,3,4,1,4.0,4.0,6,6,2,0.67
4,2,4670,3,4,1,3.0,2.0,6,97,1,0.67
4,2,4670,4,4,1,4.0,5.0,4,5,2,0.67
4,2,4670,2,3,1,3.0,2.0,6,6,2,0.67
4,2,4655,5,5,1,5.0,4.0,5,6,2,0.67
4,2,4655,4,4,1,4.0,3.0,6,5,2,0.67
4,2,4655,4,4,1,4.0,4.0,6,5,2,0.67
4,2,4655,4,3,1,4.0,4.0,6,2,2,0.67
4,2,4570,2,3,1,3.0,3.0,6,5,2,0.67
4,2,4455,3,4,1,4.0,3.0,6,5,2,0.67
4,2,4401,4,5,1,4.0,3.0,2,3,2,0.67
4,2,4350,4,4,1,4.0,4.0,6,6,2,0.67
4,2,4350,4,5,1,4.0,2.0,6,7,2,0.67
4,2,4350,2,4,2,4.0,3.0,5,8,2,0.67
4,2,4343,4,3,2,4.0,3.0,6,5,2,0.67
4,2,4341,5,4,1,4.0,2.0,6,97,1,0.67
4,2,4341,1,2,1,1.0,2.0,4,97,2,0.67
4,2,4341,4,4,1,4.0,4.0,6,6,2,0.67
4,2,4304,6,6,1,,,6,1,2,0.67
4,2,4300,4,4,1,4.0,4.0,4,5,1,0.67
4,2,4300,5,4,1,4.0,3.0,4,5,1,0.67
4,2,4300,4,5,1,4.0,4.0,6,6,2,0.67
4,2,481,3,4,1,4.0,4.0,4,3,2,0.67
6,2,4868,3,3,1,3.0,3.0,6,8,2,0.69
6,2,4849,4,5,1,4.0,4.0,6,3,1,0.69
6,2,4815,4,4,1,4.0,4.0,6,8,2,0.69
6,2,4812,4,4,1,4.0,4.0,6,8,2,0.69
6,2,4740,6,2,1,,,5,8,2,0.69
6,2,4740,3,3,1,3.0,3.0,6,97,2,0.69
6,2,4700,2,2,1,2.0,2.0,6,8,2,0.69
6,2,4680,6,5,1,,,6,8,2,0.69
6,2,4670,4,4,1,3.0,4.0,6,8,2,0.69
6,2,4670,4,4,1,4.0,4.0,4,3,2,0.69
6,2,4655,4,4,1,4.0,3.0,4,8,1,0.69
6,2,4570,5,4,1,4.0,3.0,6,7,2,0.69
6,2,4570,4,6,2,4.0,3.0,6,8,2,0.69
6,2,4301,3,4,1,4.0,3.0,6,8,2,0.69
6,2,4078,3,4,1,4.0,3.0,6,8,2,0.69
6,2,4078,4,2,1,4.0,4.0,6,8,2,0.69
4,2,4575,4,4,1,4.0,4.0,6,5,2,0.75
4,2,4564,4,4,1,4.0,4.0,6,6,2,0.75
4,2,4558,3,4,1,4.0,3.0,6,2,2,0.75
4,2,4556,4,2,1,4.0,3.0,6,3,2,0.75
4,2,4555,3,3,1,3.0,2.0,4,5,2,0.75
4,2,4508,5,4,1,4.0,4.0,6,97,1,0.75
4,2,4500,5,5,1,4.0,4.0,6,6,2,0.75
4,2,4500,4,4,1,4.0,3.0,4,5,2,0.75
4,2,4306,4,2,1,3.0,2.0,6,6,2,0.75
4,2,4305,1,3,1,3.0,3.0,6,5,2,0.75
4,2,4285,1,3,1,3.0,4.0,6,6,2,0.75
4,2,4285,4,6,1,5.0,4.0,6,5,2,0.75
4,2,4280,3,4,1,4.0,2.0,4,6,2,0.75
4,2,4224,4,4,1,4.0,4.0,3,3,2,0.75
4,2,4217,5,4,1,4.0,4.0,4,8,2,0.75
4,2,4215,3,4,1,4.0,4.0,4,6,2,0.75
4,2,4214,4,4,2,4.0,4.0,3,4,2,0.75
4,2,4212,4,4,1,4.0,3.0,6,8,2,0.75
4,2,4209,4,4,1,3.0,2.0,3,4,1,0.75
4,2,4209,4,4,1,4.0,3.0,4,5,2,0.75
4,2,4209,5,5,1,5.0,4.0,2,6,2,0.75
4,2,4208,3,4,1,4.0,3.0,6,5,2,0.75
4,2,4207,1,3,1,3.0,3.0,5,6,1,0.75
4,2,4207,6,6,2,3.0,3.0,6,5,2,0.75
4,2,4179,4,4,1,,,6,1,2,0.75
4,2,4178,5,4,1,5.0,4.0,6,3,2,0.75
4,2,4169,5,5,1,4.0,4.0,3,4,2,0.75
4,2,4169,5,4,1,4.0,4.0,5,3,2,0.75
4,2,4165,5,4,1,4.0,4.0,6,8,2,0.75
4,2,4163,3,3,2,,,5,5,1,0.75
4,2,4161,4,4,1,3.0,3.0,6,3,1,0.75
4,2,4154,5,3,1,,,5,3,2,0.75
4,2,4154,5,4,1,4.0,4.0,4,5,2,0.75
4,2,4152,4,6,1,4.0,4.0,1,4,1,0.75
4,2,4152,2,3,1,2.0,3.0,6,5,2,0.75
4,2,4152,4,4,1,4.0,4.0,6,5,2,0.75
4,2,4132,4,5,1,4.0,5.0,4,5,2,0.75
4,2,4128,3,3,1,,,5,3,2,0.75
4,2,4127,2,3,2,,,6,8,2,0.75
4,2,4123,3,4,1,4.0,4.0,6,6,2,0.75
4,2,4122,4,4,1,,,3,4,2,0.75
4,2,4122,5,4,1,4.0,4.0,6,7,2,0.75
4,2,4122,4,5,1,4.0,4.0,5,8,2,0.75
4,2,4121,3,3,2,3.0,3.0,4,8,2,0.75
4,2,4120,4,4,1,4.0,3.0,4,2,2,0.75
4,2,4118,5,5,2,,,1,1,2,0.75
4,2,4109,3,4,2,4.0,4.0,6,6,1,0.75
4,2,4109,5,5,1,4.0,1.0,4,3,2,0.75
4,2,4109,4,4,1,5.0,4.0,4,6,2,0.75
4,2,4103,5,5,1,4.0,1.0,6,4,1,0.75
4,2,4103,4,5,1,4.0,1.0,6,4,1,0.75
4,2,4103,4,4,1,4.0,4.0,5,3,2,0.75
4,2,4074,4,5,1,4.0,3.0,6,6,2,0.75
4,2,4070,2,3,1,3.0,3.0,6,8,2,0.75
4,2,4070,4,4,1,4.0,4.0,5,8,2,0.75
4,2,4069,4,3,1,3.0,3.0,5,3,2,0.75
4,2,4053,3,4,1,4.0,4.0,6,6,2,0.75
4,2,4053,4,4,1,4.0,4.0,6,4,2,0.75
4,2,4037,3,4,1,3.0,3.0,6,3,2,0.75
4,2,4037,4,4,2,4.0,4.0,6,4,2,0.75
4,2,4036,4,4,1,4.0,3.0,6,5,2,0.75
4,2,4034,3,4,1,4.0,4.0,3,5,1,0.75
4,2,4032,4,4,1,4.0,3.0,4,3,2,0.75
4,2,4017,4,4,1,2.0,4.0,6,7,2,0.75
4,2,4012,3,4,1,,,6,8,2,0.75
4,2,4007,5,5,1,4.0,3.0,4,4,2,0.75
2,2,4572,4,3,2,5.0,3.0,6,7,2,0.94
2,2,4558,3,4,1,4.0,4.0,5,4,2,0.94
2,2,4556,4,3,2,4.0,2.0,5,1,2,0.94
2,2,4555,3,4,1,4.0,4.0,5,2,2,0.94
2,2,4518,3,5,1,5.0,4.0,6,4,2,0.94
2,2,4227,6,4,1,4.0,4.0,1,2,2,0.94
2,2,4220,6,4,1,4.0,2.0,3,5,2,0.94
2,2,4215,1,3,1,,,4,1,2,0.94
2,2,4215,4,2,1,,,6,1,2,0.94
2,2,4212,4,4,1,,,3,7,2,0.94
2,2,4207,3,3,1,3.0,3.0,6,3,2,0.94
2,2,4207,6,4,1,4.0,3.0,6,7,2,0.94
2,2,4179,4,4,1,4.0,2.0,6,7,2,0.94
2,2,4178,4,4,1,4.0,4.0,6,2,2,0.94
2,2,4165,5,3,1,4.0,4.0,6,7,2,0.94
2,2,4157,6,3,1,3.0,3.0,6,7,2,0.94
2,2,4132,4,4,1,4.0,4.0,6,97,2,0.94
2,2,4124,4,4,2,,,6,2,2,0.94
2,2,4124,6,5,1,4.0,3.0,6,2,2,0.94
2,2,4124,5,5,1,4.0,3.0,6,2,2,0.94
2,2,4122,3,5,1,5.0,5.0,4,2,2,0.94
2,2,4121,2,3,1,,,5,2,2,0.94
2,2,4120,6,6,1,,,6,7,2,0.94
2,2,4118,4,4,1,3.0,2.0,6,97,2,0.94
2,2,4118,6,4,1,4.0,3.0,5,1,2,0.94
2,2,4116,4,5,1,,,4,4,1,0.94
2,2,4113,4,4,1,3.0,3.0,3,2,1,0.94
2,2,4113,4,4,2,3.0,3.0,3,2,1,0.94
2,2,4110,3,4,1,4.0,2.0,6,7,1,0.94
2,2,4104,4,5,2,,,3,2,2,0.94
2,2,4103,4,4,1,,,3,2,1,0.94
2,2,4101,6,3,1,,,5,7,2,0.94
2,2,4074,4,4,1,,,4,7,1,0.94
2,2,4067,2,4,1,4.0,3.0,2,2,2,0.94
2,2,4066,3,4,1,3.0,3.0,6,2,2,0.94
2,2,4066,5,5,2,,,6,2,2,0.94
2,2,4061,6,4,1,4.0,3.0,6,7,2,0.94
2,2,4060,5,3,1,3.0,3.0,6,3,2,0.94
2,2,4059,5,6,1,4.0,4.0,5,1,2,0.94
2,2,4053,4,4,1,3.0,3.0,6,3,2,0.94
2,2,4051,4,3,1,3.0,3.0,5,7,2,0.94
2,2,4036,4,3,1,4.0,3.0,6,7,2,0.94
2,2,4034,2,3,1,3.0,3.0,6,7,2,0.94
2,2,4034,6,4,1,4.0,3.0,6,7,2,0.94
2,2,4030,5,5,1,4.0,4.0,6,3,2,0.94
2,2,4030,4,4,2,3.0,4.0,6,4,2,0.94
2,2,4030,4,4,1,4.0,4.0,6,3,2,0.94
2,2,4021,3,5,2,4.0,3.0,6,5,2,0.94
2,2,4017,3,4,1,4.0,3.0,5,7,1,0.94
2,2,4012,6,3,1,,,6,7,2,0.94
2,2,4011,4,4,1,3.0,3.0,6,7,2,0.94
2,2,4006,3,4,1,3.0,3.0,6,2,2,0.94
7,2,4512,4,3,1,4.0,3.0,6,8,2,1.02
7,2,4511,2,4,1,,,6,3,2,1.02
7,2,4501,4,3,2,,,6,8,1,1.02
7,2,4215,4,4,1,4.0,4.0,5,8,2,1.02
7,2,4205,4,5,1,4.0,3.0,6,3,2,1.02
7,2,4160,4,4,1,3.0,3.0,6,8,2,1.02
7,2,4157,4,4,1,4.0,3.0,6,97,2,1.02
7,2,4069,3,3,2,1.0,1.0,6,8,2,1.02
7,2,4034,3,5,1,4.0,4.0,6,8,2,1.02
7,2,4017,5,4,1,,,6,8,2,1.02
7,2,4014,5,5,1,4.0,3.0,6,7,2,1.02
7,2,4011,4,1,1,1.0,2.0,6,8,2,1.02
7,2,4883,4,4,2,4.0,3.0,6,8,2,1.04
7,2,4881,4,3,1,3.0,3.0,6,8,1,1.04
7,2,4870,6,3,1,3.0,3.0,6,8,2,1.04
7,2,4870,6,5,1,4.0,5.0,6,8,2,1.04
7,2,4870,4,4,2,4.0,3.0,6,8,2,1.04
7,2,4802,3,3,1,3.0,3.0,1,8,2,1.04
7,2,4802,3,3,1,3.0,3.0,1,8,2,1.04
7,2,4655,5,3,1,4.0,5.0,5,8,2,1.04
7,2,4655,5,5,1,4.0,4.0,1,8,2,1.04
7,2,4390,4,4,2,4.0,5.0,6,8,2,1.04
7,2,4370,5,5,2,5.0,5.0,6,8,2,1.04
7,2,4370,5,5,1,5.0,5.0,6,3,2,1.04
7,2,4341,2,3,1,3.0,2.0,6,8,2,1.04
5,2,4870,4,4,1,4.0,2.0,6,3,2,1.12
5,2,4870,3,3,1,4.0,3.0,4,6,2,1.12
5,2,4870,4,4,2,4.0,4.0,6,8,2,1.12
5,2,4860,4,4,1,4.0,4.0,6,3,2,1.12
5,2,4817,6,4,1,,,6,7,2,1.12
5,2,4817,5,4,1,4.0,4.0,4,97,2,1.12
5,2,4817,4,4,1,4.0,4.0,4,6,2,1.12
5,2,4817,4,4,1,4.0,4.0,6,2,2,1.12
5,2,4811,4,4,1,,,6,6,2,1.12
5,2,4810,2,3,1,4.0,2.0,6,7,1,1.12
5,2,4802,6,3,1,4.0,3.0,6,3,2,1.12
5,2,4751,4,3,1,4.0,4.0,6,7,2,1.12
5,2,4740,5,4,1,4.0,5.0,6,6,2,1.12
5,2,4740,4,4,1,4.0,4.0,6,3,2,1.12
5,2,4701,4,2,1,,,6,5,2,1.12
5,2,4701,4,4,1,4.0,3.0,6,8,2,1.12
5,2,4695,4,3,1,4.0,4.0,6,7,2,1.12
5,2,4680,4,4,1,4.0,4.0,6,8,2,1.12
5,2,4680,4,3,1,,,2,3,2,1.12
5,2,4670,1,3,1,3.0,4.0,6,2,1,1.12
5,2,4352,3,6,1,4.0,4.0,6,7,2,1.12
2,2,4870,4,2,1,3.0,3.0,4,2,2,1.24
2,2,4812,4,4,1,3.0,3.0,6,3,1,1.24
2,2,4811,4,4,1,4.0,3.0,6,2,2,1.24
2,2,4740,4,5,1,4.0,3.0,6,2,1,1.24
2,2,4740,5,3,1,4.0,4.0,6,97,2,1.24
2,2,4740,6,3,1,4.0,1.0,6,7,2,1.24
2,2,4703,2,3,1,1.0,3.0,6,7,2,1.24
2,2,4701,5,4,1,4.0,4.0,6,5,2,1.24
2,2,4701,4,2,2,4.0,4.0,6,3,2,1.24
2,2,4700,3,4,1,3.0,4.0,6,2,2,1.24
2,2,4659,4,5,1,4.0,3.0,3,3,1,1.24
2,2,4659,4,5,1,4.0,4.0,4,3,1,1.24
2,2,4659,4,4,1,4.0,3.0,2,3,1,1.24
2,2,4600,3,4,2,4.0,4.0,6,3,2,1.24
2,2,4350,5,5,1,4.0,3.0,1,2,1,1.24
2,2,4350,3,4,2,4.0,3.0,6,4,2,1.24
2,2,4350,4,5,1,4.0,4.0,4,3,2,1.24
2,2,4301,6,6,2,,,4,7,2,1.24
2,2,4078,3,4,1,3.0,4.0,4,3,1,1.24
2,2,4077,4,3,2,3.0,3.0,4,7,2,1.24
2,2,4077,6,4,1,4.0,2.0,5,7,2,1.24
2,2,4075,5,4,1,4.0,4.0,6,7,2,1.24
2,2,4075,5,5,1,4.0,3.0,6,3,2,1.24
6,2,4556,3,4,1,4.0,3.0,6,8,2,1.26
6,2,4551,2,3,1,,,6,8,2,1.26
6,2,4519,4,4,1,4.0,4.0,1,8,2,1.26
6,2,4515,5,5,1,4.0,4.0,3,8,2,1.26
6,2,4510,6,3,1,,,6,8,2,1.26
6,2,4500,4,5,1,,,6,8,2,1.26
6,2,4218,3,4,1,4.0,4.0,6,3,2,1.26
6,2,4207,4,5,2,4.0,4.0,5,8,2,1.26
6,2,4164,4,6,1,4.0,4.0,6,7,2,1.26
6,2,4060,4,4,1,3.0,4.0,3,8,2,1.26
6,2,4054,5,6,1,4.0,3.0,6,3,2,1.26
6,2,4018,4,4,1,4.0,4.0,4,8,2,1.26
6,2,4017,4,3,1,4.0,2.0,6,8,2,1.26
5,2,4510,3,3,1,4.0,3.0,6,3,2,2.31
5,2,4503,5,5,1,,,6,8,2,2.31
5,2,4218,4,2,1,2.0,2.0,3,8,1,2.31
5,2,4217,6,6,1,,,6,7,2,2.31
5,2,4217,4,4,1,4.0,4.0,3,6,2,2.31
5,2,4211,5,3,1,4.0,3.0,6,8,2,2.31
5,2,4163,4,4,1,4.0,3.0,6,7,2,2.31
5,2,4121,3,2,1,,,6,6,2,2.31
5,2,4109,3,4,1,4.0,3.0,4,6,1,2.31
5,2,4074,3,2,1,2.0,3.0,6,8,2,2.31
5,2,4068,3,4,1,4.0,3.0,3,6,1,2.31
5,2,4066,5,5,1,5.0,5.0,2,3,1,2.31
5,2,4061,4,3,1,4.0,3.0,6,3,2,2.31
5,2,4060,3,3,1,2.0,1.0,6,97,2,2.31
5,2,4051,4,3,1,3.0,3.0,6,6,2,2.31
5,2,4019,4,4,1,,,6,7,2,2.31
5,2,4017,2,1,2,1.0,2.0,6,8,2,2.31
7,1,4879,3,3,1,,,5,8,2,0.54
7,1,4878,4,4,1,4.0,4.0,6,8,2,0.54
7,1,4870,5,3,1,3.0,3.0,5,3,2,0.54
7,1,4870,6,4,1,3.0,3.0,6,8,2,0.54
7,1,4870,5,4,1,4.0,4.0,3,8,2,0.54
7,1,4870,5,4,1,4.0,4.0,6,3,2,0.54
7,1,4868,5,3,1,4.0,3.0,6,8,2,0.54
7,1,4850,4,4,1,4.0,4.0,6,8,2,0.54
7,1,4818,5,4,1,4.0,4.0,6,8,2,0.54
7,1,4818,5,5,1,5.0,5.0,6,3,2,0.54
7,1,4817,4,4,1,4.0,3.0,6,8,2,0.54
7,1,4815,4,3,1,4.0,3.0,5,3,2,0.54
7,1,4815,4,6,1,4.0,5.0,6,8,2,0.54
7,1,4810,4,4,1,4.0,4.0,6,8,2,0.54
7,1,4810,4,4,1,4.0,4.0,6,3,2,0.54
7,1,4810,3,3,2,,,4,8,2,0.54
7,1,4799,5,5,1,5.0,5.0,4,8,2,0.54
7,1,4701,2,1,1,2.0,2.0,5,3,2,0.54
7,1,4680,3,5,1,4.0,4.0,6,8,2,0.54
7,1,4670,4,3,1,3.0,3.0,6,3,1,0.54
7,1,4670,4,4,1,4.0,4.0,6,8,2,0.54
7,1,4670,3,3,1,4.0,3.0,6,8,2,0.54
7,1,4670,3,2,1,2.0,2.0,6,8,2,0.54
7,1,4659,2,6,1,3.0,4.0,6,3,2,0.54
7,1,4655,2,3,1,3.0,3.0,5,8,2,0.54
7,1,4650,5,6,1,3.0,2.0,6,8,2,0.54
7,1,4615,4,2,1,1.0,2.0,6,8,2,0.54
7,1,4580,2,3,1,4.0,2.0,6,3,2,0.54
7,1,4356,4,4,2,4.0,4.0,6,3,2,0.54
7,1,4352,4,4,1,4.0,3.0,6,8,2,0.54
7,1,4350,3,2,1,3.0,2.0,6,8,2,0.54
7,1,4350,5,5,1,4.0,5.0,6,8,2,0.54
7,1,4350,3,3,1,4.0,4.0,5,8,2,0.54
7,1,4350,2,3,1,4.0,3.0,6,8,2,0.54
6,1,4879,3,2,1,3.0,2.0,5,7,2,0.67
6,1,4879,3,3,1,3.0,3.0,6,3,2,0.67
6,1,4879,3,2,1,2.0,2.0,6,3,2,0.67
6,1,4869,3,4,1,4.0,4.0,6,8,2,0.67
6,1,4868,3,4,1,4.0,3.0,6,8,2,0.67
6,1,4860,3,4,1,4.0,4.0,4,8,2,0.67
6,1,4812,3,4,1,4.0,4.0,6,8,2,0.67
6,1,4811,4,3,1,3.0,3.0,6,7,2,0.67
6,1,4810,4,4,1,4.0,4.0,3,8,2,0.67
6,1,4802,4,4,1,4.0,3.0,6,3,2,0.67
6,1,4740,2,4,1,3.0,3.0,6,8,2,0.67
6,1,4740,5,4,1,4.0,4.0,6,3,2,0.67
6,1,4701,1,1,1,1.0,1.0,6,8,2,0.67
6,1,4701,1,1,1,1.0,1.0,6,8,2,0.67
6,1,4700,2,1,1,1.0,1.0,6,8,2,0.67
6,1,4680,5,2,1,4.0,3.0,6,8,2,0.67
6,1,4680,4,4,1,4.0,4.0,6,8,2,0.67
6,1,4670,4,4,1,4.0,3.0,6,8,2,0.67
6,1,4670,4,4,1,4.0,4.0,6,8,2,0.67
6,1,4655,2,3,1,3.0,2.0,6,97,2,0.67
6,1,4655,4,3,1,4.0,3.0,6,8,2,0.67
6,1,4655,4,4,1,4.0,4.0,3,7,2,0.67
6,1,4370,2,2,2,2.0,3.0,6,8,2,0.67
6,1,4352,3,1,1,2.0,2.0,6,8,2,0.67
6,1,4350,3,4,1,4.0,4.0,6,8,1,0.67
6,1,4350,3,3,1,,,6,8,2,0.67
6,1,4350,3,4,1,,,6,8,2,0.67
6,1,4350,4,6,1,4.0,4.0,6,8,2,0.67
6,1,4350,2,3,1,,,6,97,2,0.67
6,1,4350,3,3,1,3.0,3.0,6,3,2,0.67
6,1,4350,3,4,1,4.0,3.0,6,3,2,0.67
6,1,4350,4,2,1,4.0,3.0,4,7,2,0.67
6,1,4310,6,6,2,,,2,8,2,0.67
6,1,4301,5,5,1,,,6,7,2,0.67
7,1,4573,3,4,1,4.0,3.0,6,8,2,0.71
7,1,4573,3,3,2,3.0,4.0,6,8,2,0.71
7,1,4562,5,5,1,4.0,4.0,6,3,2,0.71
7,1,4560,3,4,1,4.0,4.0,6,8,2,0.71
7,1,4558,4,3,1,3.0,4.0,6,8,2,0.71
7,1,4557,4,4,1,4.0,5.0,6,8,2,0.71
7,1,4556,4,4,1,4.0,4.0,6,3,2,0.71
7,1,4552,3,4,1,4.0,4.0,6,97,2,0.71
7,1,4551,4,4,1,4.0,3.0,6,3,2,0.71
7,1,4551,1,2,1,2.0,2.0,2,8,2,0.71
7,1,4510,5,4,1,5.0,5.0,4,8,2,0.71
7,1,4510,5,5,1,5.0,5.0,4,2,2,0.71
7,1,4508,4,4,1,4.0,4.0,6,2,2,0.71
7,1,4507,3,4,1,4.0,4.0,6,8,2,0.71
7,1,4504,4,4,1,4.0,4.0,6,8,1,0.71
7,1,4500,5,5,1,5.0,4.0,6,97,2,0.71
7,1,4221,4,4,1,4.0,3.0,6,3,2,0.71
7,1,4220,4,4,1,5.0,4.0,6,8,2,0.71
7,1,4218,5,5,1,5.0,4.0,4,7,1,0.71
7,1,4218,3,3,1,3.0,3.0,1,8,2,0.71
7,1,4216,3,3,1,,,6,3,2,0.71
7,1,4216,4,4,1,4.0,4.0,6,8,2,0.71
7,1,4216,4,4,1,4.0,3.0,6,3,2,0.71
7,1,4214,4,4,1,4.0,4.0,4,8,2,0.71
7,1,4214,3,3,1,3.0,3.0,5,97,2,0.71
7,1,4212,3,4,1,,,3,8,2,0.71
7,1,4211,3,2,1,3.0,4.0,6,7,2,0.71
7,1,4211,5,5,1,4.0,4.0,6,3,2,0.71
7,1,4211,4,4,1,4.0,4.0,6,6,2,0.71
7,1,4211,3,4,1,4.0,4.0,6,8,2,0.71
7,1,4207,3,4,1,,,6,3,2,0.71
7,1,4165,4,4,1,4.0,4.0,6,8,2,0.71
7,1,4161,4,4,1,4.0,4.0,6,8,2,0.71
7,1,4160,3,3,1,4.0,3.0,6,3,2,0.71
7,1,4120,2,3,1,2.0,3.0,6,8,2,0.71
7,1,4120,4,4,1,4.0,3.0,6,8,2,0.71
7,1,4118,5,1,1,1.0,1.0,5,97,2,0.71
7,1,4073,3,4,1,3.0,4.0,6,3,1,0.71
7,1,4069,4,3,1,,,6,3,2,0.71
7,1,4061,1,1,2,1.0,1.0,6,7,2,0.71
7,1,4060,3,3,1,3.0,4.0,6,8,2,0.71
7,1,4053,4,4,1,4.0,4.0,6,3,2,0.71
7,1,4017,4,4,1,4.0,3.0,6,8,2,0.71
6,1,4558,1,1,1,1.0,1.0,5,8,2,0.96
6,1,4552,5,4,1,2.0,2.0,6,8,2,0.96
6,1,4551,3,4,1,4.0,2.0,6,97,2,0.96
6,1,4510,3,3,1,3.0,3.0,6,8,2,0.96
6,1,4509,4,4,1,4.0,3.0,6,3,1,0.96
6,1,4508,4,4,1,4.0,3.0,6,8,2,0.96
6,1,4506,3,5,1,4.0,4.0,5,3,2,0.96
6,1,4503,1,1,2,,,6,8,2,0.96
6,1,4306,2,2,1,4.0,4.0,6,8,2,0.96
6,1,4285,3,4,1,4.0,4.0,6,2,2,0.96
6,1,4221,4,6,1,4.0,3.0,6,8,2,0.96
6,1,4217,3,3,1,3.0,3.0,6,8,2,0.96
6,1,4216,2,3,1,3.0,3.0,6,8,2,0.96
6,1,4215,4,5,1,4.0,4.0,3,8,2,0.96
6,1,4214,4,6,1,4.0,3.0,6,8,2,0.96
6,1,4179,3,3,1,3.0,2.0,6,8,2,0.96
6,1,4178,2,2,1,1.0,2.0,6,6,2,0.96
6,1,4165,5,3,1,4.0,3.0,6,8,2,0.96
6,1,4152,4,3,1,3.0,4.0,3,7,2,0.96
6,1,4121,4,4,1,4.0,4.0,6,3,2,0.96
6,1,4115,4,4,1,4.0,4.0,6,6,2,0.96
6,1,4114,5,4,1,4.0,4.0,6,3,1,0.96
6,1,4114,6,3,1,,,6,8,2,0.96
6,1,4112,5,5,1,5.0,5.0,4,7,1,0.96
6,1,4109,2,6,2,,,6,6,2,0.96
6,1,4104,4,4,1,4.0,3.0,6,8,2,0.96
6,1,4103,4,5,1,4.0,4.0,5,8,2,0.96
6,1,4073,1,3,2,2.0,2.0,6,8,2,0.96
6,1,4068,4,3,2,,,6,8,2,0.96
6,1,4035,3,3,1,3.0,4.0,6,3,2,0.96
6,1,4034,3,3,1,,,6,8,2,0.96
6,1,4017,4,4,2,4.0,4.0,6,8,2,0.96
6,1,4005,2,3,1,3.0,2.0,2,7,2,0.96
4,1,4567,1,3,2,3.0,3.0,6,5,2,0.99
4,1,4509,3,4,1,,,6,4,2,0.99
4,1,4504,3,3,1,4.0,3.0,6,6,2,0.99
4,1,4500,4,3,1,,,6,8,2,0.99
4,1,4305,4,4,1,4.0,4.0,6,3,2,0.99
4,1,4285,1,3,1,3.0,3.0,5,5,2,0.99
4,1,4220,4,4,1,4.0,3.0,2,6,2,0.99
4,1,4218,4,3,1,3.0,3.0,4,3,2,0.99
4,1,4215,4,4,1,3.0,3.0,6,3,2,0.99
4,1,4210,4,3,1,4.0,4.0,6,97,2,0.99
4,1,4210,3,2,1,4.0,4.0,6,5,2,0.99
4,1,4165,2,3,1,3.0,3.0,6,2,2,0.99
4,1,4165,1,3,1,2.0,2.0,6,4,2,0.99
4,1,4129,4,4,1,4.0,4.0,6,3,2,0.99
4,1,4122,3,3,1,3.0,3.0,6,6,2,0.99
4,1,4122,4,4,1,4.0,4.0,6,3,2,0.99
4,1,4122,5,3,1,4.0,4.0,6,3,2,0.99
4,1,4116,4,4,1,4.0,4.0,6,5,1,0.99
4,1,4113,3,3,2,3.0,3.0,6,5,2,0.99
4,1,4069,5,5,2,5.0,1.0,6,8,2,0.99
4,1,4069,5,5,1,5.0,5.0,6,8,2,0.99
4,1,4066,4,4,1,4.0,3.0,3,3,2,0.99
4,1,4059,3,2,1,,,6,8,2,0.99
4,1,4034,4,5,1,4.0,4.0,6,5,1,0.99
4,1,4034,4,4,1,4.0,4.0,6,3,2,0.99
4,1,4034,5,4,1,4.0,4.0,6,3,2,0.99
4,1,4018,3,4,1,4.0,3.0,5,3,2,0.99
4,1,4018,4,3,1,4.0,4.0,5,3,2,0.99
4,1,4006,4,3,1,3.0,3.0,4,5,1,0.99
4,1,4006,4,6,1,4.0,4.0,1,3,1,0.99
4,1,4870,4,3,1,3.0,3.0,2,97,2,1.0
4,1,4870,4,4,1,4.0,4.0,6,5,2,1.0
4,1,4870,4,4,1,4.0,4.0,6,1,2,1.0
4,1,4869,4,4,1,,,1,2,1,1.0
4,1,4869,4,4,1,3.0,3.0,4,8,2,1.0
4,1,4868,4,4,1,4.0,4.0,4,6,2,1.0
4,1,4817,5,4,1,4.0,4.0,5,6,2,1.0
4,1,4817,3,4,1,4.0,4.0,6,4,2,1.0
4,1,4817,3,3,1,3.0,2.0,6,6,2,1.0
4,1,4814,3,3,1,3.0,3.0,6,4,2,1.0
4,1,4814,4,3,1,3.0,3.0,6,5,2,1.0
4,1,4811,5,4,1,4.0,4.0,6,2,2,1.0
4,1,4810,4,3,1,4.0,4.0,3,6,2,1.0
4,1,4806,5,4,2,3.0,3.0,6,4,1,1.0
4,1,4751,4,4,1,4.0,4.0,6,5,1,1.0
4,1,4745,3,4,1,4.0,3.0,6,4,2,1.0
4,1,4740,4,4,1,4.0,4.0,6,8,2,1.0
4,1,4740,4,4,1,4.0,4.0,6,8,2,1.0
4,1,4701,5,4,1,5.0,5.0,6,1,2,1.0
4,1,4680,3,4,1,4.0,3.0,6,6,2,1.0
4,1,4680,3,4,1,4.0,3.0,4,4,2,1.0
4,1,4670,3,2,1,,,6,8,2,1.0
4,1,4303,3,4,1,4.0,4.0,5,6,1,1.0
4,1,4301,3,4,1,4.0,4.0,4,5,1,1.0
4,1,4300,3,4,1,3.0,4.0,6,6,2,1.0
4,1,4300,4,4,1,,,3,4,2,1.0
3,1,4560,4,4,2,4.0,3.0,6,2,2,1.38
3,1,4506,4,4,1,4.0,3.0,6,3,1,1.38
3,1,4305,4,4,2,3.0,4.0,6,97,2,1.38
3,1,4226,3,3,1,3.0,4.0,6,3,2,1.38
3,1,4223,5,5,1,5.0,4.0,6,5,2,1.38
3,1,4209,4,4,1,4.0,4.0,4,1,1,1.38
3,1,4179,4,4,1,3.0,3.0,6,3,2,1.38
3,1,4131,4,5,1,4.0,2.0,6,1,2,1.38
3,1,4123,3,3,1,3.0,3.0,4,7,2,1.38
3,1,4122,5,5,1,4.0,3.0,5,4,2,1.38
3,1,4114,3,4,1,4.0,4.0,6,97,2,1.38
3,1,4111,5,4,1,4.0,3.0,5,4,2,1.38
3,1,4073,4,5,1,4.0,4.0,6,2,2,1.38
3,1,4061,3,4,1,4.0,3.0,6,2,2,1.38
3,1,4054,4,5,1,4.0,4.0,6,3,2,1.38
3,1,4051,5,4,1,4.0,4.0,6,4,2,1.38
3,1,4034,2,3,1,3.0,3.0,3,5,2,1.38
3,1,4019,2,1,2,1.0,2.0,6,1,2,1.38
3,1,4007,1,4,1,3.0,2.0,2,2,2,1.38
3,1,4878,4,4,1,4.0,4.0,2,3,2,1.56
3,1,4870,4,5,1,4.0,4.0,5,6,2,1.56
3,1,4817,4,4,1,4.0,4.0,1,3,2,1.56
3,1,4814,3,4,1,4.0,4.0,6,4,2,1.56
3,1,4810,2,4,1,3.0,2.0,3,2,2,1.56
3,1,4810,4,2,1,4.0,3.0,4,5,2,1.56
3,1,4077,4,4,1,4.0,4.0,3,2,2,1.56
5,1,4870,4,4,1,4.0,4.0,6,6,2,1.65
5,1,4817,4,3,1,3.0,3.0,6,97,1,1.65
5,1,4810,2,2,1,2.0,2.0,6,8,2,1.65
5,1,4740,4,2,1,2.0,4.0,6,8,2,1.65
5,1,4740,5,5,1,,,6,8,2,1.65
5,1,4740,4,4,1,4.0,4.0,6,4,2,1.65
5,1,4701,5,5,1,4.0,5.0,6,7,2,1.65
5,1,4701,4,4,1,4.0,4.0,6,8,2,1.65
5,1,4670,3,3,1,2.0,2.0,6,8,2,1.65
5,1,4350,1,1,2,2.0,2.0,4,8,2,1.65
5,1,4304,4,3,1,3.0,3.0,6,3,1,1.65
5,1,4078,3,4,1,4.0,2.0,6,6,2,1.65
5,1,4556,3,2,1,2.0,3.0,6,7,2,2.14
5,1,4509,5,4,1,4.0,4.0,5,7,2,2.14
5,1,4506,4,3,1,3.0,3.0,6,2,2,2.14
5,1,4503,3,3,1,4.0,3.0,6,7,2,2.14
5,1,4215,3,3,1,3.0,3.0,6,6,2,2.14
5,1,4155,2,5,1,4.0,4.0,6,6,2,2.14
5,1,4155,4,4,1,4.0,3.0,6,6,2,2.14
5,1,4151,4,3,1,4.0,3.0,6,8,2,2.14
5,1,4127,4,4,1,4.0,4.0,6,7,2,2.14
5,1,4122,3,4,1,,,6,6,2,2.14
5,1,4116,3,4,1,,,5,6,2,2.14
5,1,4114,2,3,1,3.0,3.0,6,3,2,2.14
5,1,4108,2,1,1,,,6,97,2,2.14
5,1,4108,3,3,1,4.0,3.0,4,7,2,2.14
5,1,4034,4,4,1,4.0,4.0,6,8,2,2.14
5,1,4031,4,5,1,4.0,4.0,6,6,2,2.14
5,1,4020,3,2,1,1.0,1.0,5,3,2,2.14
5,1,4020,5,5,1,4.0,1.0,6,6,2,2.14
5,1,4006,3,3,1,3.0,2.0,6,6,2,2.14
2,1,4170,6,6,1,,,6,7,2,5.59
2,1,4151,5,4,1,4.0,3.0,4,3,2,5.59
2,1,4812,4,4,2,4.0,4.0,2,3,2,6.27
3,2,4883,3,5,1,4.0,1.0,2,3,1,0.63
3,2,4879,4,6,1,4.0,4.0,3,1,2,0.63
3,2,4878,4,4,1,4.0,3.0,6,3,2,0.63
3,2,4875,4,4,1,,,6,3,1,0.63
3,2,4870,4,4,1,,,2,2,2,0.63
3,2,4870,4,6,1,4.0,3.0,6,4,2,0.63
3,2,4870,4,4,1,4.0,3.0,6,4,2,0.63
3,2,4819,4,3,1,,,6,2,2,0.63
3,2,4818,3,3,1,,,6,97,2,0.63
3,2,4818,3,3,1,3.0,3.0,6,1,2,0.63
3,2,4817,3,5,1,4.0,4.0,6,3,2,0.63
3,2,4815,3,3,2,4.0,3.0,6,3,2,0.63
3,2,4814,4,4,1,4.0,4.0,4,4,1,0.63
3,2,4814,4,5,1,4.0,4.0,4,4,1,0.63
3,2,4810,3,5,1,4.0,4.0,2,1,1,0.63
3,2,4810,4,6,1,,,4,8,2,0.63
3,2,4740,5,5,1,4.0,4.0,6,4,2,0.63
3,2,4740,3,4,1,4.0,3.0,2,3,2,0.63
3,2,4740,2,2,1,2.0,3.0,1,3,2,0.63
3,2,4740,5,4,1,4.0,4.0,2,1,2,0.63
3,2,4705,5,2,1,3.0,4.0,6,3,2,0.63
3,2,4703,3,4,1,4.0,4.0,6,4,2,0.63
3,2,4702,4,4,1,4.0,4.0,6,7,2,0.63
3,2,4701,4,3,1,2.0,1.0,5,5,2,0.63
3,2,4701,2,3,2,3.0,4.0,6,3,2,0.63
3,2,4700,2,1,1,2.0,2.0,5,3,2,0.63
3,2,4700,4,4,1,4.0,3.0,6,1,2,0.63
3,2,4680,3,3,1,3.0,2.0,3,4,2,0.63
3,2,4680,5,3,1,4.0,4.0,6,3,2,0.63
3,2,4680,3,3,2,3.0,3.0,6,97,2,0.63
3,2,4670,3,3,1,,,6,4,2,0.63
3,2,4655,4,5,1,4.0,2.0,6,1,2,0.63
3,2,4655,2,4,1,3.0,3.0,6,5,2,0.63
3,2,4581,3,2,1,4.0,2.0,4,1,2,0.63
3,2,4570,4,3,1,3.0,3.0,6,3,2,0.63
3,2,4301,3,4,1,4.0,4.0,4,3,2,0.63
3,2,4301,4,3,1,3.0,3.0,6,5,2,0.63
3,2,4573,4,5,1,4.0,4.0,6,3,2,0.66
3,2,4557,5,4,1,4.0,5.0,2,4,1,0.66
3,2,4551,5,5,1,5.0,5.0,3,3,2,0.66
3,2,4509,3,4,1,3.0,2.0,4,6,2,0.66
3,2,4509,4,3,1,3.0,3.0,6,7,2,0.66
3,2,4506,4,3,1,4.0,2.0,4,97,2,0.66
3,2,4503,4,5,1,5.0,4.0,3,3,2,0.66
3,2,4270,2,4,1,3.0,2.0,4,3,2,0.66
3,2,4228,5,4,1,4.0,2.0,6,3,2,0.66
3,2,4217,4,3,1,3.0,3.0,6,3,2,0.66
3,2,4217,5,4,1,3.0,3.0,5,5,2,0.66
3,2,4214,4,4,1,4.0,4.0,2,5,1,0.66
3,2,4211,4,3,1,4.0,3.0,6,5,1,0.66
3,2,4207,5,5,1,3.0,4.0,6,6,2,0.66
3,2,4170,5,4,1,4.0,4.0,2,1,1,0.66
3,2,4170,3,3,2,3.0,3.0,2,3,2,0.66
3,2,4169,5,5,1,4.0,4.0,6,2,2,0.66
3,2,4169,4,4,1,4.0,5.0,1,2,2,0.66
3,2,4154,3,3,1,3.0,2.0,6,4,1,0.66
3,2,4154,5,4,1,4.0,4.0,3,3,1,0.66
3,2,4152,6,4,1,4.0,4.0,2,2,2,0.66
3,2,4151,4,4,1,4.0,3.0,6,3,2,0.66
3,2,4124,5,3,1,4.0,3.0,6,97,2,0.66
3,2,4122,3,4,1,4.0,4.0,6,3,2,0.66
3,2,4118,4,4,1,4.0,3.0,6,3,2,0.66
3,2,4116,4,4,1,4.0,4.0,6,3,2,0.66
3,2,4115,4,4,1,4.0,4.0,5,1,2,0.66
3,2,4114,3,4,1,3.0,4.0,6,3,2,0.66
3,2,4105,5,5,1,5.0,5.0,6,2,2,0.66
3,2,4103,6,4,1,,,4,3,2,0.66
3,2,4101,4,4,1,4.0,4.0,2,3,1,0.66
3,2,4074,5,5,1,5.0,5.0,6,3,2,0.66
3,2,4059,4,3,1,,,6,2,2,0.66
3,2,4053,2,3,2,3.0,4.0,3,3,2,0.66
3,2,4032,4,4,1,4.0,3.0,5,5,2,0.66
3,2,4031,4,4,1,3.0,4.0,6,4,2,0.66
3,2,4031,4,4,1,4.0,4.0,6,1,2,0.66
3,2,4020,5,4,1,4.0,4.0,4,3,2,0.66
3,2,4006,3,6,1,,,2,1,2,0.66
3,2,4006,4,4,2,4.0,4.0,3,3,2,0.66
3,2,4005,4,5,2,5.0,4.0,3,1,2,0.66
3,2,4000,3,4,1,,,2,3,2,0.66
4,2,4879,5,5,1,4.0,4.0,6,5,2,0.67
4,2,4878,3,3,1,4.0,3.0,6,3,2,0.67
4,2,4873,2,3,1,3.0,2.0,6,7,2,0.67
4,2,4870,4,4,2,4.0,3.0,6,3,2,0.67
4,2,4870,4,4,1,4.0,4.0,6,3,2,0.67
4,2,4869,5,6,1,4.0,4.0,6,5,2,0.67
4,2,4868,4,6,1,3.0,3.0,6,1,2,0.67
4,2,4818,3,4,1,4.0,4.0,6,5,2,0.67
4,2,4817,5,6,1,,,6,3,2,0.67
4,2,4814,4,4,1,,,3,5,2,0.67
4,2,4814,6,4,1,,,6,7,2,0.67
4,2,4814,4,4,1,4.0,4.0,6,6,2,0.67
4,2,4814,5,4,2,4.0,5.0,6,8,2,0.67
4,2,4812,4,1,1,1.0,2.0,6,5,2,0.67
4,2,4810,2,1,1,1.0,1.0,1,5,2,0.67
4,2,4810,4,4,1,4.0,4.0,3,6,2,0.67
4,2,4802,5,2,2,4.0,2.0,6,8,2,0.67
4,2,4740,4,3,1,5.0,4.0,4,3,1,0.67
4,2,4740,5,4,1,,,4,3,2,0.67
4,2,4740,1,2,1,1.0,1.0,6,6,2,0.67
4,2,4740,3,3,2,3.0,2.0,6,5,2,0.67
4,2,4737,3,3,1,,,6,7,2,0.67
4,2,4702,3,3,1,3.0,3.0,6,6,2,0.67
4,2,4701,5,5,2,4.0,4.0,6,5,1,0.67
4,2,4671,5,4,1,3.0,4.0,6,6,2,0.67
4,2,4350,4,4,1,4.0,4.0,6,5,2,0.67
4,2,4350,5,6,1,,,6,5,2,0.67
4,2,4350,4,4,2,3.0,4.0,6,4,2,0.67
4,2,4311,4,4,1,4.0,4.0,6,5,2,0.67
4,2,4078,2,2,1,3.0,1.0,6,4,2,0.67
4,2,4078,3,4,1,4.0,4.0,4,5,2,0.67
4,2,4077,4,4,1,4.0,4.0,6,5,2,0.67
4,2,4077,6,4,1,5.0,5.0,6,5,2,0.67
4,2,43,4,5,1,4.0,3.0,6,6,2,0.67
6,2,4885,5,4,1,,,6,3,2,0.69
6,2,4879,6,3,1,3.0,3.0,6,3,2,0.69
6,2,4879,3,3,1,,,5,7,2,0.69
6,2,4878,4,3,1,3.0,2.0,1,8,2,0.69
6,2,4870,5,3,2,4.0,4.0,6,7,2,0.69
6,2,4870,4,4,1,4.0,3.0,6,7,2,0.69
6,2,4870,4,3,2,5.0,5.0,5,7,2,0.69
6,2,4817,4,4,1,4.0,3.0,6,8,2,0.69
6,2,4814,4,4,1,4.0,5.0,4,8,2,0.69
6,2,4814,4,4,1,4.0,4.0,6,8,2,0.69
6,2,4814,5,5,1,4.0,3.0,6,8,2,0.69
6,2,4812,4,4,1,4.0,4.0,6,8,2,0.69
6,2,4812,2,4,1,4.0,4.0,6,8,2,0.69
6,2,4811,4,5,1,4.0,4.0,6,8,2,0.69
6,2,4811,4,4,1,4.0,4.0,6,8,2,0.69
6,2,4810,3,6,2,4.0,3.0,6,8,2,0.69
6,2,4807,6,3,1,3.0,4.0,6,8,2,0.69
6,2,4750,3,3,2,4.0,4.0,6,3,2,0.69
6,2,4750,5,4,2,4.0,4.0,6,3,2,0.69
6,2,4740,3,6,1,4.0,4.0,4,3,2,0.69
6,2,4701,5,5,1,4.0,3.0,6,3,2,0.69
6,2,4670,4,3,1,4.0,4.0,5,8,2,0.69
6,2,4670,3,3,1,3.0,3.0,6,8,2,0.69
6,2,4655,3,3,1,4.0,3.0,6,8,2,0.69
6,2,4655,2,2,1,3.0,2.0,6,7,2,0.69
6,2,4655,5,4,1,4.0,4.0,4,8,2,0.69
6,2,4650,5,4,1,5.0,4.0,6,8,2,0.69
6,2,4413,5,4,2,4.0,3.0,6,3,2,0.69
6,2,4350,3,2,1,4.0,4.0,6,8,2,0.69
6,2,4350,4,6,1,,,6,7,2,0.69
6,2,4350,4,4,1,,,6,97,2,0.69
6,2,4350,5,5,1,4.0,4.0,6,8,2,0.69
6,2,4341,4,4,1,4.0,3.0,6,8,2,0.69
6,2,4300,4,6,1,4.0,4.0,6,3,2,0.69
6,2,4075,5,4,2,4.0,4.0,6,8,2,0.69
4,2,4560,4,4,1,4.0,3.0,6,6,2,0.75
4,2,4560,5,4,1,4.0,3.0,6,5,2,0.75
4,2,4558,5,4,1,4.0,4.0,6,2,2,0.75
4,2,4557,3,1,1,,,6,3,2,0.75
4,2,4518,5,4,2,4.0,4.0,6,3,2,0.75
4,2,4512,3,4,2,3.0,4.0,6,5,2,0.75
4,2,4509,3,6,1,3.0,3.0,2,5,2,0.75
4,2,4305,3,3,1,3.0,3.0,6,5,2,0.75
4,2,4280,3,2,1,4.0,3.0,6,7,2,0.75
4,2,4225,3,4,1,4.0,3.0,6,4,2,0.75
4,2,4220,3,3,1,,,4,3,2,0.75
4,2,4220,4,6,1,3.0,3.0,6,5,2,0.75
4,2,4218,3,3,1,3.0,3.0,6,8,1,0.75
4,2,4217,4,5,1,4.0,4.0,5,4,2,0.75
4,2,4215,3,3,1,,,5,1,2,0.75
4,2,4215,3,4,1,,,5,1,2,0.75
4,2,4212,4,4,1,4.0,4.0,6,5,2,0.75
4,2,4211,4,4,2,4.0,4.0,6,5,2,0.75
4,2,4210,4,3,1,4.0,4.0,6,5,2,0.75
4,2,4209,3,3,1,3.0,3.0,3,5,1,0.75
4,2,4209,5,5,1,5.0,4.0,2,6,2,0.75
4,2,4209,4,3,1,,,2,3,2,0.75
4,2,4207,3,4,2,5.0,5.0,6,5,2,0.75
4,2,4179,4,3,1,3.0,3.0,6,6,2,0.75
4,2,4170,5,5,2,4.0,4.0,6,6,2,0.75
4,2,4165,4,5,1,4.0,4.0,5,1,2,0.75
4,2,4152,4,4,1,4.0,4.0,6,3,2,0.75
4,2,4133,2,3,1,3.0,4.0,4,1,2,0.75
4,2,4133,4,4,2,3.0,3.0,6,5,2,0.75
4,2,4133,3,3,2,3.0,3.0,6,5,2,0.75
4,2,4133,4,3,1,4.0,4.0,6,6,2,0.75
4,2,4129,3,3,1,4.0,4.0,6,5,1,0.75
4,2,4124,2,3,1,3.0,3.0,6,6,2,0.75
4,2,4123,4,4,1,3.0,2.0,6,6,2,0.75
4,2,4122,4,4,1,4.0,4.0,5,5,1,0.75
4,2,4122,5,4,1,4.0,4.0,5,5,1,0.75
4,2,4122,5,4,1,4.0,4.0,5,5,1,0.75
4,2,4122,3,4,1,4.0,2.0,6,97,2,0.75
4,2,4116,4,4,1,4.0,3.0,2,5,1,0.75
4,2,4114,4,4,1,4.0,3.0,6,6,2,0.75
4,2,4109,6,4,1,,,2,3,2,0.75
4,2,4108,4,2,1,2.0,2.0,6,3,1,0.75
4,2,4102,4,4,1,4.0,3.0,5,2,2,0.75
4,2,4101,5,4,1,,,6,4,2,0.75
4,2,4074,1,2,1,2.0,1.0,1,5,1,0.75
4,2,4070,4,2,1,3.0,3.0,6,5,2,0.75
4,2,4066,4,2,1,4.0,4.0,5,3,2,0.75
4,2,4064,3,3,1,4.0,4.0,3,3,2,0.75
4,2,4060,4,4,1,4.0,2.0,6,5,2,0.75
4,2,4054,3,4,1,3.0,4.0,4,3,2,0.75
4,2,4053,4,4,1,4.0,4.0,3,5,2,0.75
4,2,4051,4,4,1,4.0,5.0,4,8,2,0.75
4,2,4034,1,3,1,2.0,2.0,6,6,1,0.75
4,2,4034,2,3,1,3.0,3.0,6,5,2,0.75
4,2,4034,6,6,1,4.0,4.0,5,1,2,0.75
4,2,4034,6,6,1,4.0,4.0,6,2,2,0.75
4,2,4018,4,4,2,4.0,4.0,6,97,2,0.75
4,2,4014,4,4,1,4.0,3.0,6,5,2,0.75
4,2,4000,4,5,1,5.0,5.0,4,3,1,0.75
2,2,4559,1,3,1,,,6,2,2,0.94
2,2,4509,5,6,1,4.0,5.0,6,7,1,0.94
2,2,4305,6,6,1,,,6,2,2,0.94
2,2,4285,4,4,1,4.0,3.0,6,2,2,0.94
2,2,4217,3,4,2,3.0,3.0,6,97,2,0.94
2,2,4210,4,4,2,4.0,4.0,3,2,2,0.94
2,2,4171,6,3,1,3.0,3.0,6,7,2,0.94
2,2,4128,3,3,1,3.0,3.0,6,2,2,0.94
2,2,4128,3,5,1,4.0,4.0,6,2,2,0.94
2,2,4122,4,4,1,4.0,4.0,3,2,2,0.94
2,2,4122,6,6,1,4.0,4.0,6,7,2,0.94
2,2,4074,3,6,1,,,6,7,1,0.94
2,2,4074,6,6,1,,,6,7,1,0.94
2,2,4068,6,4,1,,,1,1,2,0.94
2,2,4000,1,6,1,,,1,2,2,0.94
7,2,4573,4,4,1,4.0,3.0,5,3,2,1.02
7,2,4563,5,5,1,5.0,5.0,6,8,2,1.02
7,2,4560,3,4,1,4.0,4.0,5,8,2,1.02
7,2,4511,3,4,1,4.0,4.0,6,3,1,1.02
7,2,4511,5,6,1,4.0,3.0,4,97,2,1.02
7,2,4503,3,4,1,5.0,4.0,6,8,2,1.02
7,2,4503,4,4,1,4.0,4.0,6,8,2,1.02
7,2,4226,4,3,1,,,3,8,2,1.02
7,2,4217,4,4,1,4.0,3.0,6,8,2,1.02
7,2,4217,3,3,1,3.0,3.0,6,8,2,1.02
7,2,4216,4,4,2,,,5,8,2,1.02
7,2,4215,5,5,1,5.0,4.0,2,8,2,1.02
7,2,4214,4,4,1,4.0,3.0,6,8,2,1.02
7,2,4212,4,5,1,5.0,4.0,6,8,2,1.02
7,2,4208,5,4,1,5.0,5.0,6,97,1,1.02
7,2,4184,4,4,2,,,4,8,2,1.02
7,2,4178,5,4,1,4.0,4.0,6,7,2,1.02
7,2,4161,5,5,1,5.0,5.0,6,8,1,1.02
7,2,4118,4,6,1,3.0,5.0,6,8,2,1.02
7,2,4115,3,4,1,4.0,2.0,6,8,2,1.02
7,2,4109,4,4,1,4.0,4.0,6,8,2,1.02
7,2,4105,3,4,1,4.0,3.0,6,8,2,1.02
7,2,4074,4,4,1,3.0,3.0,6,8,2,1.02
7,2,4069,5,4,1,4.0,5.0,6,8,2,1.02
7,2,4068,3,3,1,3.0,2.0,6,8,2,1.02
7,2,4053,4,4,1,,,6,97,1,1.02
7,2,4032,5,5,2,5.0,5.0,6,8,2,1.02
7,2,4879,6,3,1,,,3,2,2,1.04
7,2,4878,3,6,1,2.0,3.0,5,8,1,1.04
7,2,4870,3,4,2,,,4,8,2,1.04
7,2,4868,4,3,1,3.0,3.0,6,8,2,1.04
7,2,4868,5,5,1,5.0,5.0,6,8,2,1.04
7,2,4739,4,3,1,4.0,3.0,6,8,2,1.04
7,2,4702,4,4,2,4.0,3.0,4,3,2,1.04
7,2,4701,4,3,1,3.0,4.0,6,8,2,1.04
7,2,4680,3,5,1,4.0,4.0,3,8,2,1.04
7,2,4670,2,3,1,3.0,4.0,6,8,2,1.04
7,2,4655,4,6,1,4.0,5.0,6,8,2,1.04
7,2,4655,4,3,1,4.0,4.0,6,8,2,1.04
7,2,4580,4,4,1,4.0,4.0,6,8,2,1.04
7,2,4350,4,3,1,3.0,3.0,6,7,2,1.04
7,2,4301,3,3,1,3.0,3.0,6,8,2,1.04
7,2,4078,4,5,1,3.0,3.0,6,6,1,1.04
5,2,4879,5,4,1,4.0,4.0,6,8,2,1.12
5,2,4870,4,5,1,,,6,7,1,1.12
5,2,4870,4,4,1,4.0,4.0,6,8,2,1.12
5,2,4869,3,6,1,4.0,4.0,6,6,2,1.12
5,2,4815,2,2,2,2.0,2.0,6,6,2,1.12
5,2,4740,4,3,1,4.0,4.0,6,8,2,1.12
5,2,4740,4,4,1,4.0,4.0,6,7,2,1.12
5,2,4740,2,2,2,,,6,8,2,1.12
5,2,4702,2,2,1,2.0,2.0,6,3,2,1.12
5,2,4701,4,6,1,4.0,4.0,2,7,2,1.12
5,2,4700,4,6,2,4.0,4.0,6,7,2,1.12
5,2,4680,3,3,1,3.0,4.0,6,7,2,1.12
5,2,4680,5,4,1,4.0,4.0,6,6,2,1.12
5,2,4650,3,3,2,3.0,3.0,5,8,2,1.12
5,2,4570,4,3,1,4.0,4.0,6,3,2,1.12
5,2,4350,1,1,1,3.0,5.0,6,7,1,1.12
2,2,4870,3,4,1,3.0,2.0,3,2,2,1.24
2,2,4869,3,4,1,4.0,2.0,3,5,2,1.24
2,2,4860,4,4,1,4.0,4.0,4,4,2,1.24
2,2,4818,4,4,1,3.0,3.0,6,3,2,1.24
2,2,4815,3,4,1,,,4,7,2,1.24
2,2,4814,4,4,1,4.0,4.0,5,97,2,1.24
2,2,4701,4,4,1,4.0,4.0,4,2,1,1.24
2,2,4701,1,2,1,3.0,2.0,6,4,2,1.24
2,2,4701,4,3,1,3.0,3.0,6,4,2,1.24
2,2,4077,3,4,1,4.0,2.0,4,1,1,1.24
6,2,4551,4,4,1,4.0,4.0,6,8,2,1.26
6,2,4509,4,3,2,3.0,3.0,6,8,1,1.26
6,2,4507,4,3,1,4.0,4.0,6,3,2,1.26
6,2,4502,4,4,1,4.0,3.0,6,97,2,1.26
6,2,4272,5,3,1,4.0,3.0,2,8,2,1.26
6,2,4226,4,4,1,4.0,4.0,3,8,2,1.26
6,2,4217,4,4,1,4.0,4.0,6,8,2,1.26
6,2,4208,3,4,1,4.0,4.0,3,8,2,1.26
6,2,4207,4,4,1,4.0,4.0,6,7,2,1.26
6,2,4170,3,3,1,3.0,3.0,4,8,2,1.26
6,2,4152,4,3,2,,,6,7,2,1.26
6,2,4127,4,4,1,4.0,4.0,6,8,2,1.26
6,2,4123,3,3,1,2.0,2.0,6,8,2,1.26
6,2,4122,5,5,1,5.0,5.0,6,8,2,1.26
6,2,4068,3,3,1,4.0,3.0,6,7,1,1.26
6,2,4061,4,3,1,4.0,4.0,6,8,2,1.26
6,2,4055,4,4,1,4.0,4.0,6,3,2,1.26
6,2,4051,3,3,1,,,6,8,2,1.26
6,2,4022,4,5,1,4.0,4.0,6,8,2,1.26
6,2,4021,5,5,1,4.0,4.0,6,7,2,1.26
6,2,4019,3,3,1,3.0,3.0,6,8,2,1.26
6,2,4017,2,3,1,3.0,2.0,6,7,2,1.26
5,2,4515,5,5,1,5.0,5.0,6,8,2,2.31
5,2,4510,5,6,1,5.0,4.0,6,7,2,2.31
5,2,4500,3,3,2,4.0,4.0,6,6,2,2.31
5,2,4178,6,3,1,,,4,8,2,2.31
5,2,4152,5,3,1,4.0,3.0,2,6,2,2.31
5,2,4133,3,3,1,4.0,2.0,6,8,1,2.31
5,2,4128,2,3,1,4.0,4.0,4,3,2,2.31
5,2,4122,4,3,1,4.0,4.0,6,8,2,2.31
5,2,4121,4,4,1,4.0,3.0,6,7,2,2.31
5,2,4053,2,3,1,4.0,3.0,6,7,2,2.31
6,1,4825,2,2,1,2.0,3.0,6,8,2,0.67
5,2,4825,4,3,1,,,5,8,2,1.12
5,2,4825,2,3,1,3.0,3.0,6,8,2,1.12
7,2,4474,2,3,1,2.0,3.0,6,8,2,1.04
